Date,5CP.SI,BS6.SI,BSL.SI,C31.SI,C6L.SI,D05.SI,E5H.SI,F34.SI,H02.SI,M44U.SI,P40U.SI,S08.SI,S59.SI,S61.SI,S63.SI,T39.SI,U11.SI,U96.SI,V03.SI,Z74.SI
2009-12-28,0.167764,0.811753,0.3287,3.26832,11.482424,10.873909,0.430906,5.240119,4.046819,0.424128,0.293344,0.668944,2.229674,1.334212,2.421767,2.586069,13.988158,2.792396,5.099595,1.93547
2010-01-04,0.198014,0.838588,0.32417,3.299447,11.128883,10.859786,0.511173,5.623146,4.144331,0.429529,0.304519,0.675567,2.456647,1.334212,2.429218,2.54379,14.14437,2.792396,5.301273,1.898129
2010-01-11,0.189763,0.805044,0.31737,3.330573,11.052027,10.690326,0.481601,5.794283,4.095571,0.426828,0.318487,0.675567,2.376538,1.357084,2.39196,2.677674,13.789343,2.784849,5.358895,1.873236
2010-01-18,0.189763,0.764792,0.303768,3.167158,10.898314,10.464373,0.460478,5.427557,4.039855,0.432235,0.310106,0.695437,2.34316,1.326588,2.429218,2.649487,13.2923,2.679191,5.283987,1.873236
2010-01-25,0.184265,0.711122,0.312834,3.003742,10.621629,10.08308,0.439355,5.370512,3.928407,0.421427,0.298931,0.668944,2.229674,1.318964,2.302541,2.607209,12.894669,2.664096,4.880629,1.873236
2010-02-01,0.176014,0.684288,0.301497,2.832544,10.836827,9.913615,0.426682,4.979335,3.858752,0.421427,0.298931,0.682191,2.29643,1.318964,2.354703,2.607209,12.781057,2.603721,4.972825,1.804779
2010-02-08,0.181512,0.711122,0.31737,3.058214,11.021283,10.012469,0.456254,5.117877,4.039855,0.421427,0.304519,0.688814,2.309782,1.341836,2.421767,2.635395,13.079285,2.686738,5.128406,1.879459
2010-02-15,0.173262,0.690996,0.303768,3.034869,11.282598,9.955981,0.460478,5.207522,3.956271,0.424128,0.304519,0.697113,2.356512,1.341836,2.309993,2.628348,13.207092,2.671643,5.070783,1.873236
2010-02-22,0.181512,0.764792,0.308297,2.941488,11.436314,9.885369,0.447804,5.297166,4.130402,0.426828,0.301725,0.703816,2.336484,1.311339,2.332348,2.614255,13.235496,2.845225,4.86334,1.898129
2010-03-01,0.184937,0.758083,0.326435,3.034869,12.220254,9.927739,0.460478,5.403109,4.109508,0.426828,0.304519,0.710519,2.463322,1.303715,2.324896,2.677674,12.68165,2.867866,4.86334,1.910576
2010-03-08,0.182175,0.798336,0.3355,3.058214,12.174137,10.097201,0.477376,5.509052,4.17916,0.443038,0.310106,0.717222,2.449971,1.318964,2.384509,2.677674,13.278101,2.973525,4.886391,1.95414
2010-03-15,0.184937,0.791627,0.351373,3.143813,11.866709,9.970103,0.477376,5.378659,4.19309,0.461948,0.3129,0.730628,2.423268,1.334212,2.451573,2.670628,13.803543,3.026353,4.990112,2.022597
2010-03-22,0.176657,0.771501,0.380841,3.136031,11.835969,10.30903,0.460478,5.378659,4.234878,0.464649,0.315694,0.730628,2.376538,1.334212,2.421767,2.670628,13.831947,3.018806,5.041971,1.99148
2010-03-29,0.182175,0.805044,0.371775,3.143813,11.928195,10.280786,0.506949,5.606845,4.17916,0.459247,0.3129,0.717222,2.409917,1.357084,2.429218,2.691767,13.959759,3.230123,5.105355,1.985256
2010-04-05,0.176657,0.831879,0.394442,3.167158,11.989681,10.365519,0.515398,5.614995,4.213984,0.451145,0.329663,0.717222,2.443296,1.379956,2.473928,2.797465,14.087568,3.177294,5.416518,1.966587
2010-04-12,0.179412,0.959344,0.383105,3.190503,11.928195,10.930397,0.502724,5.647593,4.290601,0.461948,0.332456,0.730628,2.403241,1.4257,2.459025,2.86793,14.527804,3.26031,5.647008,1.941693
2010-04-19,0.187693,0.959344,0.378576,3.065995,11.805224,10.930397,0.515398,5.655744,4.269707,0.478158,0.352013,0.730628,2.409917,1.4257,2.451573,2.924302,14.35739,3.350875,5.62396,1.95414
2010-04-26,0.198736,0.905675,0.389906,2.925925,11.682255,10.803299,0.498499,5.680191,4.241842,0.475457,0.340838,0.730628,2.463322,1.433324,2.369606,2.910209,14.428397,3.192388,5.698869,1.898129
2010-05-03,0.179412,0.87884,0.355903,2.864753,10.990542,10.139565,0.452029,5.378659,4.151295,0.445229,0.310106,0.730628,2.356512,1.318964,2.300452,2.712906,13.2923,3.054061,5.059258,1.854566
2010-05-10,0.182175,0.898966,0.409132,2.872645,11.374825,10.139565,0.468635,5.27044,4.19309,0.450725,0.326364,0.764143,2.476673,1.349838,2.428674,2.753451,13.761841,3.264955,5.426345,1.842119
2010-05-17,0.162851,0.861608,0.39452,2.77005,10.882942,9.602933,0.443073,4.548012,4.074677,0.434234,0.30366,0.750737,2.43662,1.342035,2.330622,2.688917,13.384805,3.04625,5.128928,1.779885
2010-05-24,0.173894,0.868501,0.401826,2.817401,10.913684,9.826915,0.430292,4.745037,4.088724,0.434234,0.30366,0.744034,2.469998,1.32643,2.345706,2.681746,13.167283,3.124359,5.110719,1.786109
2010-05-31,0.176657,0.868501,0.431049,2.841077,11.098141,9.826915,0.430292,4.761457,4.260278,0.45622,0.309336,0.737331,2.536755,1.342035,2.398503,2.717599,13.979365,3.13217,5.280672,1.842119
2010-06-07,0.176657,0.861608,0.450534,2.864753,11.313341,9.698552,0.430292,4.736828,4.281721,0.45622,0.312174,0.744034,2.556782,1.349838,2.368334,2.681746,13.979365,3.139981,5.213904,1.848343
2010-06-14,0.184937,0.902965,0.448094,2.919996,10.959799,9.684289,0.460114,4.786085,4.231689,0.46172,0.315012,0.750737,2.576808,1.35764,2.345706,2.782132,14.196881,3.147792,5.219975,1.929247
2010-06-21,0.182175,0.916751,0.421311,2.935779,11.159627,9.741339,0.443073,4.85176,4.217394,0.458973,0.315012,0.75744,2.650241,1.365442,2.473928,2.753451,14.182381,3.155603,5.499183,1.898129
2010-06-28,0.184937,0.916751,0.438355,2.856861,11.144257,9.898228,0.451593,4.72041,4.188798,0.46172,0.312174,0.737331,2.623538,1.365442,2.51164,2.760621,14.211386,3.194657,5.432415,1.916799
2010-07-05,0.184937,0.992572,0.438355,2.904212,11.390198,10.154955,0.455854,4.942064,4.217394,0.467215,0.323526,0.774576,2.670268,1.404455,2.473928,2.789303,14.327395,3.31182,5.487042,1.923023
2010-07-12,0.179412,0.992572,0.438355,2.991023,11.543912,10.554307,0.477155,5.073413,4.217394,0.469963,0.329202,0.774576,2.7437,1.404455,2.443758,2.925541,14.414403,3.31182,5.693414,1.947917
2010-07-19,0.176657,1.006358,0.445661,3.06205,11.359454,10.269056,0.489936,5.188345,4.224541,0.483706,0.33204,0.760867,2.757052,1.42006,2.451301,2.90403,14.037366,3.343065,5.735902,1.923023
2010-07-26,0.182175,0.999465,0.477318,3.125185,12.005052,10.269056,0.489936,5.13909,4.231689,0.483706,0.326364,0.781431,2.7437,1.427863,2.443758,2.961394,14.399903,3.296198,5.553809,1.941693
2010-08-02,0.193218,0.999465,0.487064,3.22778,12.624295,10.425942,0.515498,5.295068,4.231689,0.483755,0.328683,0.781431,2.886011,1.42006,2.428674,2.932712,14.153377,3.30401,5.54774,1.891906
2010-08-09,0.184937,1.027037,0.477318,3.133077,12.144106,10.126429,0.498457,5.032367,4.245983,0.475368,0.322917,0.774576,2.796469,1.404455,2.421131,2.853837,13.674835,3.218089,5.432415,1.941693
2010-08-16,0.190456,1.020144,0.474885,3.196212,12.082148,9.955276,0.472895,5.13909,4.238836,0.480959,0.322917,0.783088,2.824021,1.45127,2.375876,2.853837,13.631327,3.249333,5.347439,1.890596
2010-08-23,0.201499,1.054608,0.506996,3.156752,11.772348,9.882249,0.455854,5.098043,4.153059,0.472572,0.3258,0.783088,2.824021,1.38885,2.398432,2.868178,13.616825,3.335253,5.256393,1.916145
2010-08-30,0.198736,1.13043,0.497106,3.109401,12.082148,10.170361,0.489936,5.27044,4.199802,0.469777,0.334449,0.817738,2.948002,1.439664,2.4898,2.990076,13.66127,3.350875,5.274602,1.980016
2010-09-06,0.193218,1.158001,0.531732,3.14886,12.391945,10.199171,0.498457,5.248227,4.214259,0.472572,0.337332,0.838529,3.016881,1.447662,2.4898,3.004416,13.749222,3.39774,5.341369,1.954468
2010-09-13,0.198736,1.213144,0.558932,3.133077,12.500374,10.04071,0.494196,5.264731,4.192575,0.478163,0.337332,0.838529,3.058208,1.463659,2.527871,2.982904,13.573323,3.452417,5.371718,1.986403
2010-09-20,0.195974,1.22693,0.541622,3.196212,12.546845,10.141549,0.494196,5.091442,4.221487,0.492147,0.340216,0.845458,2.975554,1.487653,2.527871,2.982904,13.602642,3.38993,5.5356,2.005564
2010-09-27,0.193218,1.22693,0.558932,3.251455,12.546845,10.242389,0.485676,4.926402,4.192575,0.497664,0.340216,0.845458,3.127086,1.487653,2.588784,3.040268,13.602642,3.452417,5.905854,2.0375
2010-10-04,0.195974,1.261394,0.583669,3.31459,12.546845,10.386443,0.489936,4.934655,4.264861,0.502263,0.345982,0.838529,3.120199,1.519646,2.512643,3.040268,13.690589,3.616446,5.772321,1.973629
2010-10-11,0.190456,1.344108,0.566352,3.259347,12.562335,10.703369,0.566622,5.264731,4.264861,0.499392,0.348865,0.817738,3.140863,1.511647,2.573555,3.011586,13.763875,3.569581,5.808738,1.960854
2010-10-18,0.190456,1.385465,0.541622,3.156752,12.237045,10.444066,0.562362,5.281235,4.250397,0.510876,0.348865,0.810808,3.030657,1.487653,2.565941,2.968564,13.514693,3.671122,5.529531,1.94808
2010-10-25,0.179412,1.288965,0.539152,3.069942,12.237045,10.011899,0.553841,5.272984,4.344376,0.516617,0.360398,0.817738,2.989329,1.479655,2.520257,2.982904,13.66127,3.577391,5.499183,1.973629
2010-11-01,0.179412,1.344108,0.556462,3.093617,12.391945,10.242389,0.596444,5.520543,4.409427,0.519483,0.354632,0.817738,3.023768,1.535642,2.588784,2.990076,13.470716,3.64769,5.699483,2.050275
2010-11-08,0.186238,1.337216,0.608398,3.014699,12.407435,10.112738,0.622006,5.239976,4.409427,0.525224,0.363328,0.817738,3.092647,1.54364,2.558327,3.011586,13.500031,3.749231,5.523461,2.088598
2010-11-15,0.183414,1.302751,0.610869,2.998915,12.360965,10.011899,0.613485,5.099693,4.445575,0.516617,0.357468,0.812412,2.95489,1.551638,2.543099,3.011586,13.426742,3.819529,5.480973,1.99279
2010-11-22,0.183414,1.240715,0.571301,2.919996,11.973719,9.997492,0.626266,5.017174,4.431117,0.525224,0.360398,0.805408,2.953384,1.551638,2.474572,2.982904,13.544004,3.803908,5.505251,1.980016
2010-11-29,0.184758,1.295858,0.573771,2.89632,12.376652,10.112738,0.630526,4.975913,4.409427,0.525224,0.363328,0.791401,2.953384,1.559636,2.520257,3.004416,13.353453,3.928882,5.444555,1.973629
2010-12-06,0.187603,1.330322,0.563881,2.89632,12.313906,10.098332,0.656088,4.909898,4.431117,0.530966,0.360398,0.798405,2.981312,1.575633,2.497414,2.861007,13.294819,3.913259,5.559879,2.005564
2010-12-13,0.184758,1.309644,0.58614,2.856861,11.827624,10.37204,0.656088,4.95941,4.474485,0.545315,0.357468,0.861437,3.065095,1.575633,2.459344,2.886423,13.177556,3.866394,5.578089,1.973629
2010-12-20,0.193285,1.32343,0.583669,2.880537,11.890371,10.314417,0.647568,4.654088,4.474485,0.545315,0.363328,0.826419,2.946402,1.623621,2.558327,2.893749,13.104265,3.913259,5.687344,1.941693
2010-12-27,0.193285,1.316537,0.591088,2.927888,12.000177,10.314417,0.68165,4.645837,4.431117,0.553927,0.366258,0.826419,2.953384,1.647616,2.604012,2.915727,13.338797,4.014801,5.620577,1.992061
2011-01-03,0.198975,1.37168,0.603449,3.06205,12.031549,10.732179,0.68165,4.7036,4.460029,0.548186,0.369188,0.833423,3.100006,1.695604,2.543099,2.901075,14.24759,4.006991,5.772321,1.998592
2011-01-10,0.19613,1.413037,0.581191,2.927888,12.031549,10.588124,0.656088,4.711852,4.431117,0.556799,0.380908,0.826419,3.016222,1.687606,2.565941,2.915727,14.042381,3.967936,6.01511,2.024718
2011-01-17,0.193285,1.357894,0.56141,2.872645,11.811938,10.674557,0.604965,4.596326,4.496176,0.571147,0.375048,0.833423,2.967348,1.687606,2.512643,2.915727,14.144984,4.014801,5.917994,1.985529
2011-01-24,0.193285,1.302751,0.551513,2.872645,11.796252,10.905049,0.596444,4.431286,4.431117,0.548186,0.377978,0.819415,2.967348,1.687606,2.527871,2.945031,14.643355,4.124154,5.875506,2.063906
2011-01-31,0.187603,1.330322,0.541622,2.848969,11.560952,10.905049,0.626266,4.439539,4.539545,0.549918,0.372118,0.826419,3.079059,1.679608,2.4898,2.901075,14.584726,4.077289,5.930133,2.024718
2011-02-07,0.190447,1.27518,0.544093,2.635888,11.121731,10.660151,0.604965,4.332264,4.554,0.541192,0.378265,0.826419,3.065095,1.639617,2.375589,2.893749,13.631952,3.780474,5.650926,1.985529
2011-02-14,0.190447,1.309644,0.529254,2.675348,11.184479,10.516094,0.553841,4.513805,4.438345,0.538282,0.384222,0.798405,3.037168,1.607625,2.497414,2.871772,13.778535,3.905449,5.693414,1.926747
2011-02-21,0.18192,1.240715,0.536674,2.620105,10.870748,10.314417,0.549581,4.291003,4.438345,0.52955,0.375287,0.814032,2.90451,1.559636,2.482186,2.864445,13.368107,3.82734,5.735902,1.946341
2011-02-28,0.183926,1.247608,0.56141,2.659564,10.682509,10.227983,0.600704,4.282752,4.358831,0.538282,0.381243,0.82111,2.946402,1.575633,2.41366,2.842468,13.558664,3.936692,5.669134,1.900622
2011-03-07,0.183926,1.199358,0.549042,2.596429,10.698197,10.343228,0.553841,4.32401,4.373287,0.52955,0.372308,0.82111,2.946402,1.567634,2.436502,2.842468,13.734561,3.889827,5.650926,1.933279
2011-03-14,0.172429,1.164894,0.544093,2.47805,10.274661,10.083927,0.54532,4.142469,4.329912,0.488816,0.372308,0.82111,2.750906,1.535642,2.375589,2.78386,13.280164,3.757042,5.432415,1.861434
2011-03-21,0.172429,1.254501,0.544093,2.627996,10.557017,10.314417,0.587923,4.423035,4.358831,0.515004,0.366351,0.82111,2.848654,1.575633,2.421274,2.835142,13.617297,3.936692,5.675204,1.900622
2011-03-28,0.178174,1.261394,0.551513,2.635888,10.792317,10.602529,0.600704,4.513805,4.358831,0.52664,0.372308,0.82111,2.848654,1.567634,2.466958,2.893749,13.910459,4.108533,5.857296,1.978998
2011-04-04,0.178174,1.309644,0.544093,2.762158,10.698197,10.660151,0.622006,4.431286,4.402199,0.532461,0.372308,0.806953,2.813744,1.559636,2.4898,2.908401,14.306222,4.295993,5.936203,2.005123
2011-04-11,0.178174,1.282073,0.549042,2.691132,11.0433,10.55931,0.592183,4.32401,4.460029,0.52955,0.375287,0.814032,2.925456,1.58363,2.466958,2.879097,14.350197,4.155397,5.729832,1.998592
2011-04-18,0.186796,1.261394,0.549042,2.722699,11.278598,10.760991,0.579403,4.414782,4.460029,0.532461,0.372308,0.814032,2.8696,1.575633,2.497414,2.901075,14.59938,4.303805,5.790529,2.03778
2011-04-25,0.195417,1.247608,0.56141,2.683239,11.0433,10.789802,0.566622,4.348767,4.48894,0.52664,0.378265,0.82111,2.911492,1.551638,2.428042,2.915727,14.379514,4.217885,5.857296,2.03778
2011-05-02,0.189672,1.178679,0.563881,2.588537,11.278598,10.444066,0.56459,4.224988,4.445575,0.526896,0.36933,0.814032,2.883564,1.561382,2.379986,2.798512,13.778535,4.134767,5.857296,2.024718
2011-05-09,0.195417,1.213144,0.56883,2.525402,11.498208,10.63134,0.577519,4.434171,4.503404,0.532818,0.384748,0.814032,3.086042,1.553207,2.403395,2.915727,14.591808,4.215053,5.432415,2.063906
2011-05-16,0.204039,1.185572,0.563881,2.524225,11.325656,10.817522,0.607688,4.550205,4.409427,0.538734,0.390807,0.82111,3.072078,1.553207,2.372182,2.930641,14.54691,4.142795,5.572351,2.103094
2011-05-23,0.235655,1.116644,0.563881,2.500108,11.090359,10.802846,0.603378,4.467324,4.513775,0.535773,0.387778,0.806953,3.030186,1.569557,2.317559,2.870985,14.561873,4.046451,5.662435,2.070437
2011-05-30,0.252094,1.111253,0.603521,2.451875,11.137418,10.934946,0.594759,4.434171,4.543427,0.541695,0.384748,0.814032,3.058114,1.553207,2.340969,2.870985,14.576843,4.038424,5.765389,2.070437
2011-06-06,0.234708,1.097097,0.593287,2.379524,11.027613,10.656069,0.581829,4.434171,4.536016,0.532818,0.378689,0.82111,3.04415,1.561382,2.278544,2.833699,14.232624,3.958135,5.694609,2.03778
2011-06-13,0.223115,1.005082,0.590733,2.210707,10.902121,10.274446,0.590449,4.508765,4.402601,0.535773,0.37566,0.806953,2.97433,1.520508,2.22392,2.841156,14.053032,3.821648,5.366445,1.972467
2011-06-20,0.223115,1.033394,0.577943,2.347369,11.168792,10.568003,0.586139,4.392731,4.447075,0.544656,0.378689,0.814032,2.988293,1.520508,2.216117,2.863527,14.322421,3.966164,5.501571,2.03778
2011-06-27,0.231808,1.033394,0.585615,2.33933,11.137418,10.861558,0.586139,4.533629,4.476719,0.553539,0.393837,0.82111,3.072078,1.536858,2.340969,2.915727,14.861198,4.070537,5.546612,2.076968
2011-07-04,0.228915,1.029855,0.600959,2.467953,11.247224,10.964302,0.607688,4.616512,4.528605,0.559455,0.393837,0.796335,3.04415,1.569557,2.379986,2.953013,14.726503,4.110681,5.405051,2.0835
2011-07-11,0.223115,0.927224,0.603521,2.347369,11.255068,10.824865,0.594759,4.608223,4.521186,0.550578,0.390807,0.810258,3.037168,1.536858,2.325363,2.885899,14.681606,3.958135,5.186276,2.103094
2011-07-18,0.240501,1.008621,0.598404,2.371486,11.55311,11.081727,0.629237,4.790563,4.521186,0.553539,0.393837,0.79579,3.086042,1.532771,2.387789,2.953013,15.085687,4.126738,5.186276,2.168407
2011-07-25,0.237608,1.029855,0.629092,2.331291,11.106047,11.397298,0.629237,4.881732,4.476719,0.544656,0.393837,0.792172,2.827708,1.524596,2.356576,2.938099,15.302691,4.070537,5.070453,2.194532
2011-08-01,0.214422,0.913068,0.618865,2.146395,9.255038,10.663407,0.581829,4.624798,4.402601,0.54506,0.38783,0.788555,2.68286,1.471459,2.27074,2.863527,14.292487,3.853763,4.639336,1.998592
2011-08-08,0.199936,0.792741,0.570272,2.066006,8.931976,10.098314,0.55166,4.318138,4.30625,0.51495,0.375518,0.741531,2.704496,1.430586,2.099069,2.774042,14.068001,3.436273,4.632902,2.027427
2011-08-15,0.202836,0.68657,0.542147,1.921306,8.552752,10.109659,0.54735,4.16895,4.321071,0.505913,0.366284,0.739235,2.704496,1.422411,2.231318,2.744214,13.873441,3.235555,4.536383,1.920014
2011-08-22,0.199936,0.697187,0.565093,2.001694,8.512408,9.585844,0.534421,4.284985,4.091305,0.517962,0.37244,0.757533,2.697284,1.464117,2.294394,2.7293,13.199977,3.131183,4.523513,2.081134
2011-08-29,0.220222,0.782124,0.559906,2.041889,8.778673,9.802852,0.55597,4.310643,4.318498,0.539042,0.384752,0.775831,2.892008,1.497392,2.278625,2.788956,13.551676,3.211469,4.755158,2.101274
2011-09-05,0.214422,0.743195,0.549539,2.122278,8.859359,9.563394,0.577519,4.310643,4.251028,0.526992,0.381674,0.757533,2.8271,1.509871,2.310163,2.744214,13.396795,3.155269,4.710117,2.087847
2011-09-12,0.199936,0.7255,0.567682,2.041889,8.940045,9.451147,0.590449,4.369008,4.221033,0.542054,0.375518,0.764853,2.8271,1.476595,2.310163,2.766586,13.442182,3.042867,4.542817,2.054281
2011-09-19,0.182551,0.704265,0.544353,2.03385,9.069143,9.032094,0.5689,4.243941,4.198542,0.511937,0.363206,0.757533,2.848736,1.464117,2.325932,2.7815,13.033695,2.890322,4.562121,2.054281
2011-09-26,0.173858,0.629946,0.580645,1.985617,9.222447,8.859983,0.530111,4.394021,3.981116,0.511937,0.35705,0.750214,2.740556,1.414204,2.215549,2.803871,12.859715,2.745806,4.298303,2.13484
2011-10-03,0.168065,0.598095,0.562495,1.945422,9.238585,8.635489,0.508562,3.968793,3.853663,0.484833,0.35705,0.750214,2.697284,1.468276,2.207664,2.811328,12.534436,2.938494,4.163177,2.107987
2011-10-10,0.179651,0.672414,0.585824,2.025812,9.09335,9.144341,0.54304,4.160562,4.048594,0.499894,0.363206,0.753874,2.71892,1.443319,2.207664,2.848614,12.942922,3.179355,4.472036,2.128127
2011-10-17,0.170958,0.637024,0.583235,1.969539,8.786742,8.845016,0.530111,4.177238,4.123569,0.517962,0.366284,0.750214,2.617953,1.447479,2.191895,2.833699,12.542003,3.195412,4.169611,2.141554
2011-10-24,0.176505,0.707804,0.585824,2.210707,9.512917,9.578361,0.586139,4.502412,4.206039,0.526992,0.375518,0.768512,2.68286,1.472435,2.254971,2.90827,13.230376,3.580788,4.426995,2.188547
2011-10-31,0.179449,0.675953,0.572869,2.194629,9.101418,9.473597,0.56459,4.58579,4.273518,0.522144,0.366284,0.753874,2.704496,1.480754,2.247086,2.893356,12.428533,3.364014,4.426995,2.114701
2011-11-07,0.185331,0.672414,0.559906,2.162473,8.891635,9.45863,0.5689,4.293968,4.273518,0.512927,0.363206,0.746555,2.632377,1.447479,2.223433,2.900813,12.020048,3.404157,4.407691,2.13484
2011-11-14,0.176505,0.672414,0.549539,2.106201,8.552752,9.301484,0.5689,4.31898,4.213537,0.506789,0.363206,0.740997,2.653774,1.447479,2.18401,2.885899,11.914145,3.283727,4.221088,2.09456
2011-11-21,0.161799,0.608712,0.552129,1.953461,8.183578,8.927331,0.577519,4.152225,4.198542,0.503717,0.360075,0.711357,2.558473,1.405885,2.120934,2.870985,11.172821,3.219498,4.18248,2.027427
2011-11-28,0.176505,0.644102,0.570272,2.11424,8.607005,9.578361,0.611998,4.302305,4.153554,0.522144,0.363206,0.722472,2.602458,1.418363,2.223433,2.930641,11.997355,3.50853,4.208219,2.09456
2011-12-05,0.163223,0.654719,0.554719,1.88915,8.273147,9.039577,0.611998,4.202251,4.01111,0.516,0.353813,0.703947,2.470503,1.414204,2.152472,2.714385,11.619128,3.364014,4.124569,2.101274
2011-12-12,0.172126,0.65118,0.539166,1.848955,8.39529,8.710321,0.607688,4.1689,3.913638,0.509861,0.353813,0.700242,2.463172,1.414204,2.089396,2.801067,11.732597,3.219498,3.905793,2.13484
2011-12-19,0.172126,0.654719,0.549539,1.840916,8.305719,8.710321,0.620618,4.193913,3.936135,0.522144,0.353813,0.692832,2.477834,1.422522,2.128819,2.839229,11.709902,3.291756,3.963704,2.101274
2011-12-26,0.166186,0.644102,0.549539,1.776604,8.273147,8.620524,0.616308,4.1689,3.951128,0.519072,0.353813,0.692832,2.514488,1.430841,2.120934,2.816332,11.551048,3.251613,3.989442,2.120488
2012-01-02,0.172126,0.661797,0.541763,1.832877,8.39529,8.874948,0.633547,4.252277,3.951128,0.528289,0.360075,0.692832,2.536481,1.414204,2.136703,2.816332,11.656951,3.372043,4.1117,2.1548
2012-01-09,0.189932,0.700726,0.557316,1.929344,8.688433,9.668159,0.637857,4.293968,4.048594,0.546717,0.366337,0.703947,2.463172,1.414204,2.18401,2.823964,12.360454,3.556703,4.195349,2.161664
2012-01-16,0.186962,0.757351,0.572869,2.03385,8.786146,9.720539,0.633547,4.427372,4.146059,0.546717,0.369468,0.707652,2.455841,1.414204,2.239202,2.77817,12.829454,3.677132,4.375518,2.093039
2012-01-23,0.181029,0.785663,0.562495,2.130318,9.038576,10.072243,0.633547,4.544101,4.28851,0.546717,0.37573,0.729882,2.521819,1.422522,2.28651,2.77817,13.162294,3.81362,4.684379,2.113626
2012-01-30,0.204768,0.824592,0.557316,2.130318,8.639577,10.027345,0.637857,4.710857,4.408465,0.548156,0.369468,0.718767,2.69776,1.43916,2.302278,2.801067,13.207681,3.781504,4.652205,2.168526
2012-02-06,0.201798,0.891834,0.588422,2.299135,8.794291,10.139593,0.668026,4.652492,4.498442,0.560689,0.388424,0.722472,2.712421,1.43916,2.35747,2.808699,13.253069,3.926021,4.954631,2.106764
2012-02-13,0.228507,0.916607,0.609154,2.323252,8.892006,10.431433,0.659406,4.919302,4.475944,0.554422,0.382056,0.720548,2.749075,1.480754,2.389008,2.816332,13.351406,4.094623,5.083322,2.113626
2012-02-20,0.222574,0.944919,0.622117,2.49207,8.712861,10.59606,0.646477,4.268953,4.490936,0.563822,0.382056,0.720548,2.763737,1.43916,2.467854,2.854494,13.699376,4.150825,5.064019,2.141076
2012-02-27,0.213671,0.959075,0.611751,2.467953,9.006004,10.648441,0.629237,4.21059,4.490936,0.579482,0.394791,0.731807,2.771069,1.430841,2.483622,2.900287,13.729633,4.295341,5.385748,2.161664
2012-03-05,0.213433,0.909529,0.596198,2.363446,8.794291,10.663407,0.633547,4.127211,4.48344,0.573216,0.394791,0.731807,2.932348,1.422522,2.436315,2.915552,13.404361,4.086596,5.565916,2.120488
2012-03-12,0.216442,0.983848,0.609154,2.467953,8.965292,10.708306,0.642167,4.118874,4.535924,0.585748,0.404343,0.731807,2.983664,1.422522,2.467854,2.930817,14.032213,4.198997,5.662435,2.141076
2012-03-19,0.213433,0.94138,0.603975,2.459914,8.810576,10.611026,0.650787,4.118874,4.505939,0.579482,0.407526,0.739312,3.005656,1.422522,2.483622,2.961346,13.744765,4.190968,5.520874,2.127351
2012-03-26,0.210432,0.94138,0.601377,2.508147,8.769861,10.611026,0.676646,4.085523,4.513434,0.592009,0.407526,0.765582,2.95434,1.426682,2.562467,2.991875,13.880924,4.23914,5.482267,2.161664
2012-04-02,0.213433,0.895373,0.593601,2.459914,8.76172,9.982447,0.685265,4.01882,4.520932,0.595142,0.41071,0.773088,2.888363,1.426682,2.475738,2.953714,13.88849,4.247169,5.501571,2.127351
2012-04-09,0.210432,0.86706,0.580645,2.371486,8.525577,10.087209,0.650787,4.01882,4.498442,0.604541,0.407526,0.761829,2.881031,1.426682,2.51516,2.968978,13.994393,4.287312,5.475832,2.134214
2012-04-16,0.207423,0.874138,0.601377,2.363446,8.655863,10.25932,0.646477,4.052171,4.505939,0.610802,0.41071,0.750571,2.888363,1.422522,2.554583,3.03767,13.986831,4.271254,5.488701,2.1548
2012-04-23,0.210432,0.849365,0.601377,2.363446,8.672147,10.476331,0.646477,4.052171,4.543422,0.604541,0.417078,0.769335,2.888363,1.430841,2.381123,3.00714,14.372619,4.126738,5.482267,2.127351
2012-04-30,0.213433,0.828131,0.609154,2.363446,8.680289,10.618506,0.624927,4.102198,4.760849,0.62171,0.41071,0.765582,2.895693,1.372609,2.434837,2.999507,14.372619,4.221916,4.928892,2.141076
2012-05-07,0.228469,0.767968,0.593601,2.194629,8.370861,10.379049,0.614135,3.473559,4.708366,0.618527,0.414347,0.765582,2.990994,1.395324,2.434837,2.930817,13.843101,3.858385,5.359352,2.223425
2012-05-14,0.210432,0.658258,0.544353,2.051603,8.436006,10.130527,0.561116,3.179901,4.468447,0.599392,0.401399,0.750571,2.895693,1.302302,2.370972,2.960654,13.468537,3.907957,5.242546,2.147939
2012-05-21,0.213433,0.743195,0.558527,1.994158,8.436006,10.054186,0.565535,3.11278,4.281014,0.612149,0.41111,0.761829,2.917686,1.319215,2.370972,2.976195,13.45308,4.007102,5.414319,2.113626
2012-05-28,0.216442,0.754399,0.607095,2.051603,8.460432,10.023648,0.574371,3.020486,4.48732,0.624899,0.407873,0.761829,2.917686,1.30653,2.362989,2.952883,13.337172,3.982315,5.448674,2.106764
2012-06-04,0.220163,0.731991,0.58821,2.133667,8.224291,9.962578,0.52577,2.903023,4.502713,0.618527,0.398162,0.758076,2.866369,1.310759,2.315091,2.937342,13.383536,4.073198,5.393705,2.141076
2012-06-11,0.220163,0.761868,0.607095,2.191112,8.379004,10.321382,0.565535,2.928194,4.502713,0.615338,0.407873,0.765582,2.873701,1.302302,2.347022,2.929571,13.908988,4.097984,5.324996,2.189113
2012-06-18,0.226276,0.746929,0.58821,2.166493,8.240576,10.428259,0.565535,3.037266,4.541203,0.62171,0.414347,0.776841,2.888363,1.310759,2.426854,2.945112,14.102169,4.106246,5.393705,2.168526
2012-06-25,0.226276,0.746929,0.596305,2.215731,8.444147,10.588576,0.592044,3.028877,4.618173,0.624899,0.430533,0.791852,2.925017,1.302302,2.482735,3.030591,14.418982,4.23844,5.373093,2.264599
2012-07-02,0.235449,0.814153,0.631378,2.445511,8.631434,10.756527,0.636226,3.070827,4.625869,0.647217,0.440244,0.784347,3.005656,1.30653,2.554583,3.108298,14.990795,4.345846,5.462415,2.305774
2012-07-09,0.24157,0.780541,0.669156,2.420892,8.631434,10.825236,0.636226,2.978534,4.66435,0.637656,0.453192,0.79954,3.064303,1.310759,2.586515,3.12384,14.983068,4.420205,5.544867,2.381261
2012-07-16,0.24157,0.769337,0.706925,2.420892,8.875718,11.206944,0.671572,3.003706,4.695135,0.647217,0.453192,0.803384,3.086295,1.314987,2.62643,3.108298,15.021707,4.527612,5.297513,2.360673
2012-07-23,0.23851,0.746929,0.663757,2.445511,8.810576,11.18404,0.631808,2.751999,4.695135,0.631278,0.469378,0.811072,3.137611,1.293846,2.634413,3.193776,15.068068,4.378895,5.166964,2.388123
2012-07-30,0.244623,0.73946,0.650263,2.5604,8.859433,11.260381,0.640645,2.718437,4.733623,0.674589,0.475852,0.81876,3.19272,1.293846,2.62643,3.170464,15.431249,4.370632,5.242546,2.429297
2012-08-06,0.23851,0.735725,0.642169,2.453717,8.925639,11.222211,0.614135,2.751999,4.787506,0.658369,0.483048,0.814916,3.086295,1.293846,2.618447,3.154923,15.377159,4.568922,5.311255,2.305774
2012-08-13,0.232396,0.784276,0.631378,2.486543,8.99961,11.245112,0.62739,2.676486,4.849075,0.661613,0.479762,0.814916,3.185118,1.285389,2.666346,3.139381,15.438976,4.676329,5.393705,2.316635
2012-08-20,0.24157,0.754399,0.664032,2.511162,8.91742,11.303714,0.645063,2.668096,4.849075,0.697292,0.48962,0.824594,3.162313,1.262705,2.698567,3.116069,15.207159,4.585446,5.304383,2.337759
2012-08-27,0.23851,0.735725,0.647637,2.47013,8.753043,11.241478,0.62739,2.642558,4.915314,0.719994,0.483048,0.840152,3.185118,1.262705,2.7469,3.084986,14.751255,4.668066,5.331867,2.387049
2012-09-03,0.250743,0.731991,0.647637,2.527575,8.637981,11.22592,0.587626,2.625673,5.000865,0.739452,0.48962,0.847932,3.185118,1.262705,2.763011,3.131611,14.870706,4.585446,5.400577,2.323676
2012-09-10,0.26603,0.758133,0.639439,2.609639,8.703731,11.443748,0.609717,2.735428,5.12531,0.736208,0.48962,0.847932,3.185118,1.262705,2.811343,3.139381,15.378108,4.676329,5.49677,2.3448
2012-09-17,0.26297,0.746929,0.664032,2.601433,8.933858,11.280376,0.587626,2.74387,5.210861,0.72972,0.50605,0.855711,3.147109,1.266971,2.859676,3.147152,15.346879,4.750687,5.448674,2.3448
2012-09-24,0.26603,0.731991,0.664032,2.609639,8.827014,11.194802,0.583208,2.74387,5.179755,0.72972,0.502764,0.851821,3.162313,1.258439,2.85162,3.162693,15.33907,4.684591,5.531126,2.253262
2012-10-01,0.275203,0.731991,0.6695,2.708116,8.91742,11.249259,0.569953,2.667886,5.133087,0.739452,0.52248,0.86738,3.169914,1.262705,2.859676,3.170464,15.487391,4.725901,5.510512,2.260303
2012-10-08,0.26297,0.698379,0.688626,2.593226,8.605105,11.031431,0.569953,2.676329,5.063088,0.742697,0.515908,0.879048,3.169914,1.258439,2.795233,3.162693,14.831676,4.552398,5.476158,2.218055
2012-10-15,0.281317,0.694644,0.683158,2.683496,8.85167,10.961414,0.556698,2.7101,5.133087,0.752422,0.515908,0.902386,3.162313,1.254173,2.827454,3.162693,14.480398,4.461515,5.359352,2.24622
2012-10-22,0.278264,0.694644,0.685896,2.732735,8.7777,10.906959,0.565535,2.659444,5.055311,0.726476,0.515908,0.902386,3.162313,1.258439,2.83551,3.170464,14.503815,4.552398,5.393705,2.253262
2012-10-29,0.278264,0.679706,0.664032,2.716322,8.695512,10.751365,0.547862,2.625673,5.086418,0.701252,0.512622,0.890717,3.230728,1.254173,2.875787,3.147152,14.332083,4.420205,5.297513,2.253262
2012-11-05,0.281317,0.679706,0.664032,2.806593,8.613325,10.953635,0.543443,2.676329,5.031981,0.72759,0.509975,0.890717,3.223126,1.266971,2.819399,3.131611,14.285245,4.12277,5.318125,2.232138
2012-11-12,0.287182,0.638625,0.658565,2.699909,8.424292,10.650232,0.530189,2.667886,4.884209,0.717711,0.509975,0.875159,3.277102,1.237109,2.819399,3.139381,14.027641,3.957529,5.338738,2.203972
2012-11-19,0.293431,0.675971,0.6695,2.798387,8.679453,10.798044,0.544336,2.659444,4.915314,0.730883,0.506642,0.884818,3.284832,1.228578,2.827454,3.170464,14.121314,4.097984,5.2769,2.211013
2012-11-26,0.302795,0.698379,0.67496,2.896863,8.853044,11.241478,0.588953,2.693215,4.954206,0.730883,0.503309,0.908414,3.331205,1.237109,2.956341,3.248171,14.613102,4.279751,5.373093,2.330717
2012-12-03,0.309911,0.69091,0.705022,3.028166,8.952237,11.505984,0.58003,2.676329,5.024205,0.72759,0.499975,0.912346,3.362122,1.245641,3.004673,3.116069,15.401522,4.197129,5.318125,2.358883
2012-12-10,0.316241,0.717052,0.696824,3.085611,9.001835,11.614899,0.584492,2.659444,5.249744,0.737463,0.499975,0.892683,3.423953,1.258439,3.11745,3.200521,15.448359,4.254964,5.483029,2.387049
2012-12-17,0.313076,0.705848,0.71049,3.003547,9.067962,11.59156,0.566645,2.726985,5.187531,0.737463,0.509975,0.892683,3.323477,1.2883,3.061061,3.208462,15.401522,4.321059,5.428061,2.394091
2012-12-24,0.319398,0.720787,0.71595,3.077404,9.001835,11.653796,0.584492,2.845183,5.218637,0.750636,0.523308,0.900548,3.408495,1.279768,3.101338,3.224347,15.471777,4.354109,5.49677,2.3448
2012-12-31,0.328885,0.754399,0.743282,3.118436,9.09276,11.607119,0.593415,3.030922,5.195308,0.750636,0.526641,0.904481,3.423953,1.2883,3.101338,3.248172,15.456167,4.378895,5.579222,2.414208
2013-01-07,0.335215,0.832826,0.787001,3.192294,9.150624,11.435968,0.571106,3.022479,5.249744,0.753929,0.539973,0.920211,3.470328,1.279768,3.109394,3.271997,15.003411,4.436728,5.64106,2.435764
2013-01-14,0.322563,0.754399,0.792469,3.175881,9.191955,11.187022,0.557721,3.106906,5.210861,0.763802,0.54664,0.924144,3.586263,1.2883,3.077173,3.240229,14.644329,4.428467,5.49677,2.507616
2013-01-21,0.316241,0.746929,0.811595,3.266152,9.158892,11.451527,0.562183,3.241988,5.218637,0.767095,0.553306,0.951671,3.779489,1.2883,3.093283,3.232288,14.72239,4.552398,5.63419,2.478875
2013-01-28,0.322563,0.731991,0.819793,3.266152,9.175424,11.786049,0.571106,3.241988,5.218637,0.785401,0.559972,0.951671,3.833592,1.296832,3.22217,3.232288,14.730195,4.527612,5.819706,2.5148
2013-02-04,0.347859,0.709583,0.849855,3.167675,9.150624,11.653796,0.566645,3.106906,5.218637,0.798766,0.566639,0.932009,3.663553,1.284034,3.22217,3.248172,14.862902,4.544136,5.826577,2.565097
2013-02-11,0.357346,0.720787,0.896304,3.208707,9.059696,11.669355,0.58003,3.09002,5.327519,0.828848,0.598016,0.961523,3.679011,1.305363,3.22217,3.271997,15.081471,4.502825,5.840319,2.500431
2013-02-18,0.347859,0.743195,0.877179,3.208707,9.010099,11.817167,0.58003,3.064692,5.54529,0.788744,0.58788,0.95755,3.756301,1.305363,3.391334,3.295822,15.331266,4.329322,5.847189,2.536356
2013-02-25,0.357346,0.713317,0.904502,3.167675,8.935704,11.786049,0.562183,2.96338,5.78639,0.828848,0.58788,0.95755,3.733114,1.292566,3.383278,3.32759,14.94877,4.329322,5.757867,2.47169
2013-03-04,0.395006,0.709583,0.90997,2.970721,8.977035,12.050554,0.539874,2.895838,5.809721,0.805453,0.608152,0.965496,3.69447,1.284034,3.375223,3.311705,15.448359,4.312799,5.860931,2.478875
2013-03-11,0.391792,0.709583,0.942762,2.79018,8.803444,12.252824,0.526489,2.802969,5.903049,0.782058,0.61153,0.969469,3.671282,1.271237,3.391334,3.589666,15.53423,4.246701,5.977738,2.572282
2013-03-18,0.414274,0.724521,0.920898,2.880451,8.960503,12.089453,0.517565,2.895838,5.941931,0.805453,0.598016,0.993309,3.702198,1.262705,3.351056,3.534074,15.432746,4.254964,5.977738,2.550726
2013-03-25,0.407854,0.724521,0.896304,2.896863,8.985301,12.447312,0.517565,2.912724,6.004152,0.812139,0.601394,0.989336,3.663553,1.279768,3.471888,3.557899,15.908923,4.288012,5.950253,2.579467
2013-04-01,0.417488,0.709583,0.901772,2.864038,8.844777,12.33062,0.50418,2.862068,6.066376,0.828848,0.601394,0.993309,3.648095,1.271237,3.4155,3.645259,16.033821,4.213653,5.929641,2.593837
2013-04-08,0.439963,0.698379,0.956428,2.913276,8.803444,12.190587,0.50418,2.819854,6.050821,0.882323,0.631802,1.001255,3.764031,1.254173,3.455777,3.653201,15.901118,4.131032,5.867802,2.557912
2013-04-15,0.443177,0.69091,0.915438,2.880451,9.018365,12.206146,0.468486,2.819854,5.9886,0.875637,0.628423,0.997282,3.895423,1.262705,3.528276,3.399065,16.299231,4.048413,5.757867,2.651319
2013-04-22,0.436757,0.717052,0.931834,2.995341,9.05143,12.618462,0.50418,2.845183,6.027483,0.875637,0.652074,1.013175,3.864507,1.271237,3.584663,3.462599,16.455349,4.23844,5.7029,2.701615
2013-04-29,0.456025,0.709583,0.929096,3.011753,9.109293,13.536451,0.468486,2.777642,6.066376,0.880565,0.645316,1.025095,4.042275,1.228578,3.575893,3.510249,17.017397,4.081461,4.953964,2.737541
2013-05-06,0.46566,0.675971,0.901772,3.194805,9.415141,13.925432,0.486956,2.913331,6.151927,0.90766,0.644186,1.084693,4.088648,1.238115,3.592147,3.494365,17.064232,4.24695,5.314576,2.809392
2013-05-13,0.500983,0.706058,0.924866,3.136262,9.034898,13.583129,0.518518,2.887775,6.548578,0.90766,0.644186,1.10456,3.895423,1.225173,3.502749,3.558797,17.510424,4.263972,5.321886,2.888428
2013-05-20,0.504197,0.702114,0.950244,3.060992,8.952237,13.553979,0.514009,2.845183,6.493355,0.873796,0.63048,1.072774,3.903152,1.233801,3.356463,3.526517,17.2321,4.229929,5.292644,2.845318
2013-05-27,0.500725,0.694225,0.933326,2.893724,8.877841,13.561885,0.518518,2.777035,6.524585,0.819605,0.596215,1.040988,3.918611,1.225173,3.323955,3.445818,17.033298,4.14482,5.351128,2.694429
2013-06-03,0.487717,0.662669,0.916407,2.743184,8.555459,12.621405,0.504991,2.683331,6.437591,0.806054,0.606494,1.025095,3.879965,1.216545,3.104525,3.478098,15.991582,4.119286,5.380368,2.658504
2013-06-10,0.4552,0.650836,0.831816,2.693004,8.439734,12.637211,0.514009,2.666294,6.002618,0.758639,0.599641,1.013175,3.771759,1.203603,3.137033,3.470028,16.118813,4.15333,5.373058,2.629763
2013-06-17,0.487717,0.650836,0.862835,2.550827,8.266146,12.210439,0.495974,2.768516,6.089613,0.724776,0.568803,1.001255,3.887695,1.199289,3.242685,3.405469,15.745068,4.127797,5.380368,2.565097
2013-06-24,0.484463,0.65478,0.885396,2.575917,8.381872,12.249953,0.504991,2.683331,6.2897,0.745095,0.579082,1.033041,3.895423,1.207917,3.405225,3.36512,15.79278,4.212907,5.307266,2.7088
2013-07-01,0.503972,0.662669,0.888213,2.55919,8.348808,12.566082,0.5095,2.674813,6.2984,0.748483,0.585935,1.013175,3.849049,1.229487,3.291447,3.38933,16.166527,4.255461,5.263403,2.644133
2013-07-08,0.507225,0.670558,0.916407,2.642823,8.489331,12.945435,0.5095,2.657775,6.333199,0.758639,0.582509,1.037093,3.934069,1.212231,3.453988,3.494237,16.603889,4.349081,5.285334,2.773466
2013-07-15,0.51698,0.686336,0.868478,2.617733,8.40667,13.087693,0.486956,2.666294,6.315799,0.748483,0.589362,1.049246,3.964985,1.203603,3.429607,3.470028,16.778831,4.289505,5.248783,2.730355
2013-07-22,0.510479,0.737614,0.89103,2.726457,8.448002,13.27737,0.491465,2.691849,6.333199,0.758639,0.596215,1.057348,3.802675,1.207917,3.543385,3.510377,17.16848,4.272484,5.329196,2.823762
2013-07-29,0.497471,0.737614,0.916407,2.75991,8.315743,13.862206,0.473429,2.717405,6.385395,0.757234,0.575656,1.057348,3.844883,1.190661,3.543385,3.36512,17.430902,4.306527,5.343817,2.830947
2013-08-05,0.494217,0.741558,0.899489,2.701367,8.414377,13.593497,0.468921,2.691849,6.411492,0.743469,0.576691,1.065451,3.836924,1.182033,3.486495,3.34091,17.295717,4.315038,5.329196,2.759096
2013-08-12,0.494217,0.76128,0.896672,2.676277,8.389159,13.451241,0.459903,2.63222,6.350596,0.750348,0.562794,1.061399,3.813042,1.203603,3.437734,3.252143,17.128727,4.24695,5.409609,2.74248
2013-08-19,0.487717,0.745503,0.876723,2.58428,8.195824,12.980567,0.473429,2.619201,6.394094,0.729697,0.538476,1.024939,3.852844,1.186347,3.185796,3.203723,16.603889,4.229929,5.599677,2.631896
2013-08-26,0.481217,0.745503,0.848252,2.550827,7.960455,12.691397,0.504991,2.705076,6.315799,0.726254,0.531528,1.018453,3.661794,1.181025,3.242261,3.171444,15.816636,4.161841,5.555815,2.587663
2013-09-02,0.468208,0.76128,0.885262,2.475556,8.237852,13.004667,0.504991,2.662138,6.420336,0.73314,0.538476,1.034813,3.677715,1.189709,3.258636,3.187584,16.106092,4.187374,5.570435,2.565546
2013-09-09,0.464954,0.84017,0.879566,2.575917,8.61612,13.125152,0.482447,2.756601,6.46419,0.729697,0.538476,1.034813,3.693636,1.172341,3.365074,3.268282,16.708265,4.255461,5.468091,2.661385
2013-09-16,0.464954,0.855947,0.908029,2.642823,8.775834,13.446454,0.482447,2.730839,6.402794,0.753791,0.54195,1.051174,3.844883,1.176683,3.446949,3.300562,17.302408,4.408659,5.402298,2.801458
2013-09-23,0.481217,0.919059,0.910881,2.651187,8.767428,13.277768,0.468921,2.790951,6.534358,0.740026,0.548898,1.047084,3.868766,1.167999,3.446949,3.300562,17.085627,4.527811,5.504643,2.786714
2013-09-30,0.458454,0.895392,0.885262,2.55919,8.674962,13.060893,0.473429,2.782364,6.446649,0.719375,0.552372,1.038903,3.900608,1.154973,3.397825,3.324771,16.354992,4.417169,5.526574,2.779341
2013-10-07,0.458454,0.91117,0.879566,2.642823,8.590903,13.229575,0.473429,2.799539,6.490503,0.740026,0.552372,1.038903,3.940409,1.159315,3.430574,3.324771,16.563742,4.5193,5.614297,2.749852
2013-10-14,0.461708,0.930892,0.845409,2.65955,8.674962,13.301868,0.477938,2.842476,6.481731,0.746905,0.566269,1.047084,3.972251,1.163657,3.438762,3.405469,16.619949,4.561855,5.614297,2.720363
2013-10-21,0.468208,0.930892,0.88241,2.617733,8.809459,13.333997,0.500483,2.962703,6.525587,0.750348,0.569743,1.055264,4.083696,1.120237,3.406012,3.429679,16.692209,4.536321,5.643538,2.749852
2013-10-28,0.481217,0.923003,0.91942,2.601007,8.683369,13.398259,0.532045,2.962703,6.578212,0.761277,0.566269,1.067535,4.027974,1.115895,3.430574,3.437749,16.700235,4.5193,5.69471,2.771969
2013-11-04,0.559251,0.938781,0.910881,2.55919,8.65815,13.55891,0.518518,2.902589,6.657152,0.754298,0.574697,1.075715,4.051855,1.215761,3.315949,3.3974,16.748411,4.502278,5.723951,2.801458
2013-11-11,0.576027,0.930892,0.910881,2.567553,8.683369,13.727593,0.545571,3.048578,6.674693,0.747311,0.571172,1.087986,3.980211,1.154973,3.283199,3.429679,17.053513,4.587387,5.563125,2.771969
2013-11-18,0.57934,0.938781,0.896645,2.5341,8.599308,13.727593,0.527536,3.048578,6.674693,0.736832,0.550017,1.073572,3.900608,1.146289,3.250449,3.421608,16.812643,4.493768,5.490022,2.735108
2013-11-25,0.569408,0.919059,0.888106,2.5341,8.878262,13.799885,0.523581,3.022815,6.771173,0.733339,0.550017,1.057056,3.931771,1.154973,3.307761,3.437749,16.796583,4.595898,5.504643,2.74248
2013-12-02,0.595733,0.887503,0.893802,2.525736,8.674554,13.502681,0.496264,2.988465,6.841341,0.72636,0.53944,1.106605,3.85911,1.172341,3.193136,3.244073,16.660091,4.527811,5.497333,2.661385
2013-12-09,0.602424,0.91117,0.879566,2.475556,8.530262,13.301868,0.500816,2.902589,6.92905,0.708895,0.535914,1.081831,3.923697,1.120237,3.094886,3.290308,16.250612,4.442702,5.555815,2.631896
2013-12-16,0.565612,0.930892,0.879566,2.475556,8.657578,13.462519,0.482605,2.868239,7.034301,0.705401,0.53944,1.090089,4.028652,1.141947,3.144011,3.314986,16.603891,4.578877,5.555815,2.631896
2013-12-23,0.568954,0.938781,0.88241,2.5341,8.759431,13.679398,0.491711,2.919764,7.10447,0.729853,0.550017,1.090089,4.044799,1.150631,3.225886,3.356114,16.989275,4.655474,5.643538,2.720284
2013-12-30,0.595733,0.923003,0.88241,2.492283,8.61514,13.639235,0.496264,2.876827,7.139555,0.72636,0.550017,1.114864,4.012505,1.137605,3.152198,3.323211,16.780523,4.629942,5.599677,2.705255
2014-01-06,0.612465,0.958503,0.88241,2.475556,8.589676,13.952506,0.482605,2.876827,7.209721,0.733339,0.535914,1.114864,4.028652,1.128921,3.176761,3.339664,16.884903,4.612919,5.628917,2.675196
2014-01-13,0.609115,0.954559,0.873871,2.442103,8.564211,13.976599,0.482605,2.808127,7.244805,0.708895,0.535914,1.106605,3.996358,1.163657,3.152198,3.298534,16.45134,4.544832,5.628917,2.645138
2014-01-20,0.612465,0.938781,0.871027,2.366832,8.343527,13.390224,0.468946,2.748013,7.332514,0.715881,0.535914,1.114864,4.036726,1.137605,3.127636,3.273857,16.21047,4.510789,5.468091,2.645138
2014-01-27,0.582344,0.907225,0.853948,2.308288,8.139821,13.229575,0.473499,2.679313,7.323744,0.714639,0.53944,1.102476,3.980211,1.133263,3.103073,3.282083,16.05792,4.468234,5.409609,2.652653
2014-02-03,0.578994,0.887503,0.868183,2.358469,8.012504,13.133185,0.473499,2.773776,7.455307,0.718188,0.546491,1.106605,3.786449,1.115895,3.086698,3.273857,15.96157,4.468234,5.285334,2.637623
2014-02-10,0.602424,0.887503,0.902341,2.408649,8.33504,13.237608,0.473499,2.748013,7.402682,0.721745,0.550063,1.106605,3.794522,1.098527,3.103073,3.282083,15.97763,4.629942,5.329196,2.690225
2014-02-17,0.575653,0.899336,0.942186,2.400285,8.632113,13.40629,0.500816,2.894002,7.543017,0.728857,0.567922,1.08596,3.770301,1.06379,3.103073,3.331438,16.780523,4.629942,5.402298,2.705255
2014-02-24,0.599075,0.895392,0.916568,2.383559,8.674554,13.269738,0.505369,2.962703,7.455307,0.73597,0.557207,1.100354,3.810669,1.06379,3.11126,3.413695,16.563742,4.604409,5.519264,2.705255
2014-03-03,0.610086,0.879614,0.945039,2.366832,8.776408,13.036794,0.546345,3.022815,7.20095,0.73597,0.560779,1.10869,3.972138,1.059448,3.094886,3.430146,16.475426,4.510789,5.511953,2.720284
2014-03-10,0.58975,0.836225,0.922264,2.299926,8.657578,12.635167,0.532686,2.911177,7.20095,0.728857,0.557207,1.087849,3.85911,1.033397,3.078511,3.372566,15.97763,4.476746,5.446161,2.645138
2014-03-17,0.58975,0.836225,0.885262,2.291562,8.64909,12.715493,0.514475,2.945527,7.236033,0.732414,0.557207,1.104522,3.939845,1.007344,3.053948,3.389018,16.539658,4.459723,5.394989,2.645138
2014-03-24,0.58975,0.848059,0.910881,2.358469,8.886749,12.916306,0.528134,2.97129,7.244805,0.746632,0.560779,1.133698,3.891403,1.055107,3.127636,3.438372,17.141825,4.629942,5.43885,2.742828
2014-03-31,0.596526,0.899336,0.942186,2.475556,8.818847,13.293835,0.537239,2.997052,7.367598,0.753745,0.571494,1.12953,3.931771,1.033397,3.168574,3.430146,17.422842,4.570365,5.533885,2.742828
2014-04-07,0.599918,0.867781,0.92796,2.442103,8.793383,13.277768,0.537239,2.962703,7.455307,0.753745,0.578638,1.133698,3.939845,1.033397,3.193136,3.471275,17.583422,4.544832,5.555815,2.727799
2014-04-14,0.586358,0.859892,0.942186,2.65955,8.733968,13.574974,0.555451,2.962703,7.437765,0.77152,0.589354,1.137865,3.996358,1.033397,3.234074,3.397244,17.719917,4.595898,5.577746,2.787915
2014-04-21,0.586358,0.87567,0.973501,2.70973,8.810358,13.49465,0.550898,3.014227,7.464078,0.789302,0.58221,1.162874,3.939845,1.141947,3.250449,3.397244,18.033041,4.723561,5.69471,2.817974
2014-04-28,0.579582,0.879614,1.038973,2.626097,8.869772,13.791855,0.560004,2.851064,7.420224,0.810042,0.589354,1.183713,3.875257,1.085501,3.160386,3.46305,17.262264,4.561855,5.643538,2.848032
2014-05-05,0.610086,0.867781,0.996276,2.633388,8.666064,13.719559,0.541891,2.801926,7.516705,0.820894,0.58221,1.17121,3.947917,1.093127,3.176011,3.454824,18.441488,4.723561,5.299954,2.87809
2014-05-12,0.610086,0.927662,1.030143,2.676276,8.666064,13.534811,0.537298,2.793198,7.630725,0.860669,0.596219,1.204554,3.972138,1.13248,3.118115,3.546841,18.490778,4.714815,5.596639,2.89312
2014-05-19,0.64059,0.931785,1.053683,2.753477,8.750945,13.89126,0.528114,2.810655,7.507934,0.84259,0.599832,1.279578,3.996358,1.399203,3.142927,3.530111,18.359344,4.723561,5.635722,2.885605
2014-05-26,0.707642,0.832834,1.080173,2.736321,8.835822,13.817673,0.528114,2.801926,7.639355,0.857059,0.603446,1.371274,4.036726,1.390458,3.200824,3.429728,18.54006,4.732309,5.698254,2.930692
2014-06-02,0.735129,0.84108,1.089002,2.744899,8.929189,13.964842,0.523521,2.828112,7.621527,0.838973,0.599832,1.354602,4.060946,1.486653,3.225636,3.521745,18.67971,4.679825,5.807685,2.900634
2014-06-09,0.752302,0.874063,1.094892,2.770633,8.835822,14.005725,0.528114,2.819384,7.621527,0.838973,0.588992,1.392114,4.093239,1.495398,3.225636,3.513381,18.474346,4.662331,5.948382,2.900634
2014-06-16,0.796962,0.927662,1.16259,2.762055,8.835822,13.825848,0.518929,2.793198,7.648269,0.835356,0.581765,1.458802,4.060946,1.486653,3.176011,3.49665,18.400417,4.741057,6.08908,2.848032
2014-06-23,0.838184,0.898801,1.192019,2.753477,8.810358,13.744086,0.518929,2.784469,7.576955,0.835356,0.588992,1.454634,4.093239,1.486653,3.16774,3.505015,18.556492,4.723561,5.956199,2.923178
2014-06-30,0.807267,0.894678,1.1361,2.727744,8.810358,13.964842,0.505152,2.793198,7.58587,0.846207,0.603446,1.471306,4.093239,1.499771,3.151198,3.479919,19.205431,4.714815,6.081264,2.89312
2014-07-07,0.77978,0.886432,1.1361,2.770633,8.869772,14.03843,0.505152,2.801926,7.612612,0.84259,0.599832,1.446298,4.093239,1.491025,3.109844,3.505015,19.739374,4.741057,6.159429,2.915663
2014-07-14,0.786656,0.874063,1.133151,2.796366,8.903726,14.251009,0.509745,2.801926,7.621527,0.84259,0.603446,1.479822,4.133607,1.491025,3.118115,3.463189,19.427229,4.811035,6.206329,2.960751
2014-07-21,0.796962,0.91117,1.16259,2.856411,8.99709,14.733401,0.50056,2.897943,7.666096,0.838973,0.607059,1.48405,3.996358,1.486653,3.176011,3.488285,19.451868,4.811035,6.214145,2.99081
2014-07-28,0.783218,0.890555,1.159641,2.942189,8.487821,14.970509,0.491375,2.84557,7.576955,0.85635,0.599832,1.479822,3.868526,1.495398,3.134657,3.463189,19.041143,4.784793,6.300127,3.013354
2014-08-04,0.776351,0.935907,1.1567,2.873566,8.407594,14.5617,0.486783,2.801926,7.505643,0.85635,0.588992,1.48405,3.793972,1.473535,3.118115,3.471555,18.638636,4.618595,6.276678,2.915663
2014-08-11,0.776351,0.960645,1.189079,2.856411,8.501965,14.471765,0.491375,2.784469,7.58587,0.871055,0.605336,1.488278,3.785689,1.477908,3.109844,3.471555,18.761852,4.636089,6.292311,3.013353
2014-08-18,0.810697,0.968891,1.18319,2.890722,8.622073,14.89094,0.468414,2.766956,7.576955,0.874724,0.609004,1.46291,3.735985,1.486653,3.018865,3.479919,18.786495,4.476898,6.31576,2.974819
2014-08-25,0.827878,0.960645,1.184614,2.847833,8.66497,14.882635,0.468414,2.77574,7.666348,0.863702,0.597998,1.469116,3.793972,1.48892,3.059685,3.471555,19.170559,4.521048,6.276678,2.99794
2014-09-01,0.910322,0.993629,1.181632,2.882144,8.66497,15.081954,0.468414,2.784524,7.72021,0.871055,0.601667,1.498924,3.827107,1.484515,3.076405,3.513381,19.003351,4.538708,6.159429,3.013353
2014-09-08,0.91719,0.98126,1.190561,2.822099,8.682129,15.380939,0.463822,2.802092,7.72021,0.860026,0.601667,1.490408,3.827107,1.497731,3.076405,3.521745,19.262527,4.574028,6.143797,3.005646
2014-09-15,0.920628,0.98126,1.190561,2.813522,8.562018,15.057039,0.463822,2.740604,7.74714,0.830622,0.594329,1.486149,3.827107,1.497731,3.051326,3.49665,18.869583,4.574028,6.096898,2.928579
2014-09-22,0.886273,0.956522,1.145915,2.770633,8.55344,15.380939,0.468414,2.73182,7.818957,0.837975,0.583323,1.537249,3.868526,1.497731,3.076405,3.505015,18.911386,4.58286,6.026549,2.928579
2014-09-29,0.889711,0.948276,1.178658,2.684855,8.459068,15.3228,0.459229,2.670332,7.917703,0.85635,0.583323,1.58409,3.810539,1.502136,3.042966,3.530111,18.760897,4.538708,5.93275,2.905458
2014-10-06,0.893141,0.923539,1.154844,2.633388,8.34754,15.140092,0.454637,2.670332,7.890772,0.860026,0.575986,1.588348,3.74427,1.493326,3.017886,3.488285,18.551886,4.415086,5.885851,2.882338
2014-10-13,0.875968,0.919416,1.125083,2.539032,8.278906,14.866027,0.44086,2.661548,7.63044,0.874724,0.579655,1.554282,3.669715,1.45368,3.001167,3.479919,18.267632,4.220822,5.745153,2.812977
2014-10-20,0.886273,0.94003,1.151871,2.616232,8.253169,15.181613,0.445452,2.749388,7.666348,0.889429,0.590661,1.656481,3.793972,1.45368,3.017886,3.505015,18.426477,4.291463,5.870217,2.851511
2014-10-27,0.934363,0.931785,1.131039,2.719166,8.493386,15.347716,0.477598,2.810876,7.666348,0.863702,0.597998,1.677773,3.94308,1.46249,3.134924,3.580302,19.229084,4.300293,6.042181,2.913165
2014-11-03,0.906884,0.948276,1.145915,2.70201,8.682129,16.061949,0.468414,2.802092,7.648394,0.867869,0.594329,1.643707,3.553743,1.48011,3.017886,3.580302,19.4799,4.008898,5.901484,2.920872
2014-11-10,0.909794,0.985383,1.139968,2.787788,8.845133,16.369234,0.427083,2.766956,7.63044,0.867869,0.599953,1.656481,3.388067,1.506541,2.900849,3.622128,19.47154,4.061879,5.924933,3.04418
2014-11-17,0.857706,0.989506,1.134012,2.804944,8.974403,16.510418,0.413306,2.854796,7.684303,0.882772,0.599953,1.639448,3.51162,1.502136,2.792172,3.630493,19.814316,4.053049,6.018732,3.02106
2014-11-24,0.899376,1.01012,1.151871,2.847833,9.293379,16.468897,0.422491,2.81966,7.74714,0.879047,0.603679,1.654478,3.452813,1.515351,2.817251,3.588667,20.065136,4.035389,5.987466,3.005646
2014-12-01,0.860923,1.001875,1.142942,2.822099,9.465797,16.34432,0.422491,2.81966,7.666348,0.879047,0.603679,1.637333,3.3436,1.502136,2.800532,3.597032,20.324306,3.717502,6.08908,3.005646
2014-12-08,0.874925,0.960645,1.169729,2.822099,10.02616,16.693134,0.413306,2.846012,7.684303,0.875321,0.596226,1.633047,3.368803,1.515351,2.833971,3.505015,20.357748,3.743993,6.034365,3.075007
2014-12-15,0.864426,0.997752,1.142942,2.719166,9.914087,16.551945,0.399529,2.784524,7.558624,0.864143,0.5925,1.585899,3.284793,1.497731,2.758733,3.528842,19.856119,3.823464,5.909301,2.943992
2014-12-22,0.860923,0.997752,1.157826,2.804944,10.060643,16.900761,0.408714,2.837228,7.657371,0.875321,0.596226,1.624475,3.478016,1.493326,2.850691,3.588508,20.466433,3.947086,6.034365,3.082937
2014-12-29,0.89242,0.997752,1.166756,2.830677,9.957192,17.025333,0.422491,2.872364,7.684303,0.875321,0.603679,1.650192,3.478016,1.48892,2.850691,3.588508,20.491516,3.938257,6.198512,3.051559
2015-01-05,0.944916,1.043104,1.151871,2.770633,10.483071,16.718044,0.426272,2.854796,7.702257,0.879047,0.599953,1.667337,3.486417,1.497731,2.825611,3.520318,19.546782,3.699842,6.206329,3.051559
2015-01-12,0.853927,1.038981,1.142942,2.787788,10.439965,16.452286,0.407738,2.784524,7.639417,0.901394,0.607405,1.684481,3.478016,1.497731,2.800532,3.477699,19.262527,3.638031,6.151613,3.051559
2015-01-19,0.885424,1.059596,1.157826,3.0537,10.767561,16.742964,0.398471,2.846012,7.702257,0.908846,0.611132,1.76592,3.721645,1.603453,2.833971,3.477699,19.789232,3.832295,6.182879,3.130005
2015-01-26,0.916921,1.022489,1.181632,2.985078,10.905496,16.435677,0.389205,2.828444,7.729186,0.907606,0.618585,1.834499,3.662839,1.656314,2.808891,3.520318,19.379574,3.805804,6.354843,3.200606
2015-02-02,0.916921,1.047227,1.190561,3.045122,10.457207,16.095169,0.421638,2.881148,7.711232,0.918954,0.618585,1.723057,3.486417,1.673934,2.86741,3.511794,19.67219,3.761653,6.425192,3.255519
2015-02-09,0.909916,1.022489,1.220331,3.088012,10.474448,16.012119,0.398471,2.898716,7.72021,0.915172,0.628351,1.680195,3.536823,1.682744,2.89249,3.477699,19.705633,3.699842,6.440825,3.294742
2015-02-16,0.90292,1.022489,1.193544,3.156634,10.569279,16.153305,0.393838,2.889932,7.711232,0.922737,0.628351,1.71252,3.629234,1.625479,2.88413,3.511794,19.204,3.743993,6.472091,3.357499
2015-02-23,0.90292,1.01012,1.157826,3.079434,10.345135,16.252964,0.375305,2.846012,7.711232,0.930295,0.635921,1.725461,3.570427,1.612263,2.934288,3.486223,19.287607,3.735163,6.347026,3.310431
2015-03-02,0.887258,1.014243,1.166756,3.036545,10.146853,16.336016,0.384571,2.881148,7.684303,0.934078,0.632136,1.690952,3.51162,1.603453,2.976087,3.503271,19.229084,3.788144,6.659688,3.279052
2015-03-09,0.876653,1.014243,1.154844,2.985078,10.017539,16.244659,0.370671,2.81966,7.711232,0.930295,0.624565,1.699579,3.402407,1.546187,2.900849,3.486223,18.81942,3.726333,6.730037,3.23983
2015-03-16,0.936752,1.043104,1.151871,3.019389,10.474448,16.659916,0.370671,2.802092,7.765095,0.934078,0.62078,1.669384,3.360402,1.541781,2.87577,3.537366,19.145479,3.788144,6.67532,3.357499
2015-03-23,0.961491,1.055473,1.169729,3.088012,10.302028,16.875843,0.403105,2.872364,7.702257,0.926512,0.632136,1.682325,3.394006,1.541781,2.942648,3.562937,19.446457,3.788144,6.612789,3.459479
2015-03-30,1.00391,1.059596,1.163774,3.062278,10.336515,17.00042,0.398471,2.846012,7.72021,0.934078,0.639706,1.686638,3.410808,1.510946,2.934288,3.537366,19.295967,3.796974,6.620605,3.443789
2015-04-06,1.02159,1.12144,1.154844,3.09659,10.120991,17.025333,0.407738,2.86358,7.774071,0.937861,0.647277,1.669384,3.394006,1.554997,2.934288,3.554413,19.36285,4.008898,6.644055,3.459479
2015-04-13,0.968567,1.162669,1.169729,3.156634,10.293409,17.598381,0.407738,2.86358,7.872821,0.941643,0.654847,1.673697,3.503219,1.607858,3.185082,3.520318,20.157099,4.159011,6.659688,3.498702
2015-04-20,0.919072,1.187407,1.190561,3.190945,10.474448,17.507029,0.398471,2.846012,7.854865,0.926512,0.666203,1.660756,3.520021,1.603453,3.151643,3.54589,20.650364,4.070709,6.565889,3.4281
2015-04-27,0.897863,1.208022,1.199491,3.165212,10.517551,17.515329,0.389205,2.86358,8.025428,0.94243,0.662418,1.647815,3.520021,1.603453,3.026246,3.571461,20.474794,4.086267,6.604972,3.475168
2015-05-04,0.869586,1.199776,1.190561,3.070856,10.146853,17.734497,0.38618,2.810876,8.348598,0.919445,0.651062,1.634874,3.478016,1.595086,3.084048,3.520318,20.611794,3.950661,6.104714,3.388878
2015-05-11,0.936752,1.232759,1.300726,3.075858,10.095127,17.683949,0.400138,2.876982,8.285759,0.919445,0.658501,1.621933,3.410808,1.634963,3.033351,3.606282,20.628857,3.806014,6.647504,3.420256
2015-05-18,0.897863,1.232759,1.325272,3.20768,10.043401,17.549154,0.404791,2.993133,8.195991,0.923277,0.670054,1.608992,3.385605,1.652686,3.0418,3.606282,20.535013,3.796973,6.664124,3.357499
2015-05-25,0.831981,1.23704,1.380491,3.06707,9.784773,17.102631,0.390832,3.002068,8.385747,0.892628,0.673905,1.626247,3.284793,1.665978,2.872812,3.606282,19.741594,3.760812,6.489626,3.23983
2015-06-01,0.746283,1.198516,1.398898,2.996764,9.293379,17.026804,0.38618,2.975264,8.139644,0.873475,0.673905,1.639188,3.251189,1.634963,2.813665,3.53693,19.442999,3.607125,6.43146,3.247674
2015-06-08,0.774855,1.215637,1.374353,2.979188,9.10372,17.675524,0.376874,2.957395,8.203449,0.861979,0.662352,1.61762,3.352001,1.603947,2.805216,3.580275,19.835443,3.589045,6.44808,3.302586
2015-06-15,0.89269,1.211357,1.426508,2.952823,9.03475,17.422775,0.376874,2.93059,8.176105,0.854322,0.673905,1.647815,3.225986,1.599516,2.771418,3.571606,19.53684,3.525762,6.57272,3.318275
2015-06-22,0.824843,1.207077,1.398898,3.075858,9.12958,17.287977,0.381527,2.94846,8.176105,0.865811,0.670054,1.652129,3.25959,1.608378,2.830565,3.562937,19.716003,3.580004,6.522864,3.23983
2015-06-29,0.809845,1.207077,1.417304,3.093434,9.646838,17.616549,0.38618,2.94846,8.176105,0.877307,0.685458,1.643502,3.234387,1.581793,2.779867,3.5456,19.963409,3.534802,6.547791,3.333965
2015-07-06,0.788421,1.125749,1.392759,2.952823,9.310621,17.38908,0.35361,2.885917,8.203449,0.858146,0.673905,1.652129,3.242788,1.586224,2.796766,3.502254,19.417402,3.471519,6.481318,3.365344
2015-07-13,0.874119,1.130029,1.503198,3.023129,9.741669,18.012522,0.348957,2.94846,8.121414,0.881139,0.673905,1.656443,3.242788,1.550778,2.872812,3.614951,19.86957,3.516721,6.522864,3.388878
2015-07-20,0.895543,1.125749,1.51854,2.996764,10.02616,18.029375,0.344305,2.885917,8.185221,0.865811,0.673905,1.678354,3.251189,1.546347,2.839014,3.658295,19.971941,3.49864,6.680742,3.404567
2015-07-27,0.83127,1.104347,1.469459,2.829789,9.258896,17.00153,0.293124,2.859113,8.039381,0.858259,0.670054,1.708948,3.032763,1.533055,2.771418,3.62362,18.939648,3.227427,6.522864,3.208451
2015-08-03,0.81413,1.078664,1.441849,2.829789,8.974403,17.371111,0.311735,2.832309,8.039381,0.82733,0.662352,1.682724,2.980962,1.519762,2.754519,3.649626,18.385107,3.363034,6.813693,3.266778
2015-08-10,0.715578,1.03158,1.411166,2.759484,8.847195,16.464941,0.297777,2.698287,7.884426,0.819596,0.642839,1.669612,2.989553,1.550778,2.762969,3.588944,17.557564,3.245509,6.788764,3.266778
2015-08-17,0.544182,0.93313,1.340613,2.63645,8.742078,15.635715,0.288472,2.693562,7.519828,0.780933,0.588295,1.634269,2.929418,1.479885,2.467238,3.554268,16.303455,2.99716,6.605958,3.170223
2015-08-24,0.484193,0.920289,1.347659,2.504627,8.768358,15.396344,0.288472,2.567442,7.444771,0.7848,0.611671,1.590218,3.049688,1.476366,2.619328,3.441572,17.140974,3.217135,6.71398,3.057576
2015-08-31,0.475624,0.92885,1.366247,2.416745,8.636964,14.960358,0.279166,2.468347,7.435591,0.7848,0.588295,1.532953,2.920827,1.467418,2.507684,3.346213,16.620235,3.079651,6.855239,2.969067
2015-09-07,0.445629,0.984495,1.406519,2.460686,8.838435,15.165528,0.279166,2.342227,7.573287,0.780933,0.596088,1.524143,3.066869,1.453997,2.5678,3.363551,16.924,3.116313,7.004808,3.017344
2015-09-14,0.467054,0.997336,1.462284,2.44311,9.092463,14.81503,0.288472,2.38727,7.775241,0.769339,0.596088,1.572598,3.21291,1.512157,2.550624,3.346213,16.802494,3.207969,7.021427,3.057576
2015-09-21,0.497048,0.967373,1.406519,2.451898,9.293933,14.336298,0.293124,2.378262,7.665085,0.773206,0.580504,1.519738,3.169957,1.588212,2.473333,3.372221,16.32515,3.235466,6.805383,2.928835
2015-09-28,0.505618,0.975934,1.369342,2.469475,9.38153,13.789175,0.311735,2.306193,7.600827,0.757737,0.576608,1.493307,3.178548,1.565843,2.559212,3.2942,15.865166,3.226301,6.813693,2.864465
2015-10-05,0.557037,1.061543,1.375541,2.768272,9.250137,15.122786,0.339652,2.603476,7.564107,0.7848,0.607775,1.568193,3.33318,1.59716,2.713795,3.372221,17.26248,3.519601,6.763836,3.097806
2015-10-12,0.527042,1.087225,1.366247,2.724331,9.661837,15.285213,0.35361,2.657527,7.564107,0.796401,0.62336,1.647484,3.358952,1.646372,2.739559,3.441572,17.410019,3.574595,6.888477,3.170223
2015-10-19,0.518473,1.082945,1.360048,2.759484,9.775711,15.387799,0.362916,2.864724,7.747702,0.7848,0.627255,1.673914,3.384724,1.646372,2.834027,3.441572,17.705111,3.391282,6.97157,3.234593
2015-10-26,0.492763,1.070103,1.332165,2.724331,9.460367,14.763738,0.362916,2.819682,7.701803,0.803264,0.631151,1.669509,3.427677,1.646372,2.842615,3.45891,17.644354,3.281295,6.871859,3.202408
2015-11-02,0.602986,1.03586,1.325975,2.838577,9.758191,14.874868,0.348957,2.756622,7.747702,0.799325,0.615567,1.669509,3.393314,1.664267,2.765323,3.493586,17.757183,3.207969,6.871859,3.15413
2015-11-09,0.568031,0.988775,1.341459,2.689179,9.486645,14.652602,0.344305,2.63951,7.655905,0.77964,0.609846,1.629863,3.238683,1.695584,2.559212,3.45891,17.488131,3.079651,7.137758,3.105853
2015-11-16,0.594248,0.941691,1.288798,2.750695,9.372769,14.447432,0.334999,2.648519,7.665085,0.791456,0.605886,1.598602,3.236297,1.695584,2.533448,3.476248,17.375303,3.015491,7.162686,3.129992
2015-11-23,0.59529,0.945971,1.310482,2.671602,9.088789,14.190969,0.330346,2.612485,7.710983,0.795387,0.597966,1.571959,3.131619,1.700058,2.481921,3.467579,16.689665,3.070485,7.054664,3.057576
2015-11-30,0.608519,0.941691,1.304283,2.838577,9.212565,14.17387,0.325694,2.648519,7.655905,0.799325,0.617766,1.589721,3.131619,1.80743,2.524861,3.467579,16.924,2.841344,6.979879,3.073668
2015-12-07,0.608519,0.950252,1.341459,2.759484,9.716516,14.028543,0.30243,2.594468,7.49067,0.77964,0.586086,1.523113,3.122896,1.704532,2.481921,3.363551,16.628914,2.768019,6.896787,3.08976
2015-12-14,0.608519,0.920289,1.279504,2.856154,9.813771,13.960153,0.293124,2.594468,7.610006,0.787517,0.586086,1.478707,3.227574,1.700058,2.516273,3.476425,16.576841,2.795516,6.797074,3.02539
2015-12-21,0.586471,0.945971,1.273305,2.926459,9.769566,14.225163,0.325694,2.63951,7.720163,0.783578,0.594006,1.429861,3.210128,1.717953,2.602152,3.48527,16.837208,2.85051,6.84693,2.944928
2015-12-28,0.582061,0.941691,1.288798,2.944035,9.902183,14.267908,0.316388,2.648519,7.591648,0.77964,0.597966,1.456504,3.227574,1.735849,2.584976,3.48527,17.019468,2.795516,6.813693,3.007362
2016-01-04,0.546785,0.877485,1.288798,2.77706,9.7342,13.438676,0.325694,2.585459,7.444771,0.775701,0.586086,1.354371,3.122896,1.731375,2.490509,3.343736,15.977991,2.548045,6.697361,2.909029
2016-01-11,0.48946,0.791876,1.223739,2.697967,9.760723,12.515409,0.316388,2.405288,7.325434,0.767824,0.582126,1.389896,3.131619,1.735849,2.473333,3.149127,15.274995,2.236413,6.680742,2.917223
2016-01-18,0.49387,0.791876,1.220635,2.627661,9.698835,11.857151,0.321041,2.477356,6.884807,0.724514,0.562326,1.314406,2.992049,1.731375,2.516273,3.184511,15.292354,2.144757,6.547791,2.835279
2016-01-25,0.48946,0.796157,1.257811,2.697967,9.751882,12.019581,0.344305,2.567442,7.07758,0.740261,0.582126,1.18563,3.018218,1.744796,2.464745,3.149127,15.700263,2.300573,6.481318,2.876251
2016-02-01,0.515918,0.796157,1.291893,2.627661,9.937547,11.626336,0.358263,2.70257,7.022503,0.767114,0.594006,1.225595,3.035664,1.780587,2.370277,3.272969,15.509329,2.32807,6.680742,3.031946
2016-02-08,0.49387,0.761914,1.254717,2.478262,9.725359,11.130507,0.334999,2.621493,6.75629,0.743017,0.592772,1.181189,3.009495,1.74927,2.310162,3.16682,15.240277,2.190585,6.531173,2.933613
2016-02-15,0.502689,0.821839,1.291893,2.522203,10.149737,11.694726,0.339652,2.846707,6.912346,0.775149,0.596804,1.283322,3.018218,1.798482,2.404629,3.326045,14.962551,2.474719,6.497936,3.056529
2016-02-22,0.522797,0.804718,1.350754,2.583721,10.193944,11.617788,0.348957,2.756622,7.178558,0.783176,0.596804,1.297221,3.009495,1.834273,2.447569,3.299507,14.79765,2.447223,6.830311,3.031946
2016-02-29,0.56748,0.817559,1.363152,2.785848,10.043643,13.130919,0.372221,2.89175,7.527388,0.787193,0.612934,1.431881,3.183958,1.834273,2.662267,3.467578,16.056103,2.878007,6.822002,3.122085
2016-03-07,0.527265,0.834681,1.353858,2.741907,10.114373,13.028335,0.390832,2.909767,7.610006,0.791211,0.608902,1.436369,3.07928,1.843221,2.670856,3.511808,16.186285,2.777185,6.797074,3.097502
2016-03-14,0.549607,0.864644,1.412718,2.785848,10.176261,13.695142,0.400138,2.981836,7.655905,0.80728,0.629064,1.476767,3.122896,1.843221,2.773911,3.564883,16.741741,2.905504,6.830311,3.18764
2016-03-21,0.545138,0.851802,1.39413,2.715543,10.140896,13.113823,0.400138,3.026878,7.527388,0.80728,0.620999,1.481256,3.10545,1.887959,2.739559,3.582575,16.186285,2.804682,6.921714,3.130279
2016-03-28,0.545138,0.8304,1.406519,2.654026,10.114373,13.002689,0.390832,3.026878,7.729343,0.803263,0.633096,1.445347,3.192682,1.932697,2.782499,3.564883,16.281754,2.731357,6.996499,3.072918
2016-04-04,0.549607,0.817559,1.391034,2.618873,10.008278,12.823164,0.381527,3.035887,7.793601,0.81129,0.633096,1.422903,3.131619,1.986383,2.773911,3.538346,16.08214,2.694695,6.938333,3.04014
2016-04-11,0.54067,0.881765,1.406519,2.750695,10.070167,13.464323,0.390832,3.152998,8.013914,0.81129,0.637129,1.481256,3.210128,2.084808,2.876967,3.626804,17.036825,2.795516,6.913405,3.146668
2016-04-18,0.518328,0.873204,1.422012,2.812213,10.229309,13.515615,0.395485,3.20705,8.032273,0.875553,0.637129,1.512676,3.314806,2.07586,2.919907,3.671034,17.054184,2.749688,6.930024,3.253196
2016-04-25,0.504923,0.847522,1.456094,2.733119,10.16742,13.06253,0.372221,3.342179,8.252587,0.867526,0.629064,1.409437,3.306083,2.102703,2.765323,3.591421,16.142889,2.701493,6.954952,3.163057
2016-05-02,0.495987,0.774755,1.428211,2.69466,9.857976,12.71203,0.34842,3.134981,8.004735,0.799245,0.626966,1.436369,3.314806,2.093755,2.736868,3.414503,15.723717,2.542581,6.772145,3.081113
2016-05-09,0.48705,0.825502,1.428211,2.721788,9.725359,13.017742,0.34842,2.974123,8.105712,0.797265,0.63926,1.418415,3.306083,2.157038,2.684571,3.519261,15.706038,2.449104,7.203492,3.179446
2016-05-16,0.478113,0.812042,1.44229,2.703703,9.371709,13.192125,0.339003,2.983275,7.986375,0.805444,0.626966,1.418415,3.297359,2.085137,2.7543,3.555263,15.856295,2.626711,7.300717,3.146668
2016-05-23,0.456701,0.829988,1.44229,2.69466,9.389392,13.549612,0.357837,3.056484,8.208316,0.801355,0.631064,1.431881,3.306083,2.103112,2.79788,3.51026,16.094933,2.626711,7.459812,3.220419
2016-05-30,0.47931,0.816529,1.44229,2.73083,9.415915,13.514734,0.37667,3.065635,8.338902,0.809534,0.631064,1.427392,3.375868,2.157038,2.771733,3.474257,16.17448,2.617363,7.41562,3.195835
2016-06-06,0.474788,0.816529,1.44229,2.739873,9.345185,13.854783,0.357837,3.083937,8.226971,0.809534,0.635162,1.427392,3.367145,2.175014,2.728152,3.51026,16.448475,2.692145,7.433297,3.195835
2016-06-13,0.447657,0.798583,1.44229,2.703703,9.336346,13.601927,0.324878,3.010728,8.254954,0.809534,0.626966,1.40046,3.201405,2.192989,2.745584,3.37525,15.838616,2.58932,7.671941,3.105696
2016-06-20,0.438613,0.785124,1.417258,2.613278,9.194885,13.523454,0.32017,2.955821,8.217645,0.793183,0.622868,1.306198,3.175235,2.166026,2.649706,3.339247,15.776746,2.579973,7.627748,3.130279
2016-06-27,0.465744,0.798583,1.440723,2.785085,9.46012,13.689118,0.329587,3.001577,8.357558,0.817713,0.643358,1.342107,3.201405,2.184001,2.719435,3.537262,16.368929,2.636059,7.309556,3.392501
2016-07-04,0.488353,0.78961,1.431337,2.703703,9.495486,13.689118,0.324878,2.992426,8.292264,0.834064,0.647456,1.395971,3.210128,2.237927,2.771733,3.582266,16.041903,2.636059,7.583553,3.392501
2016-07-11,0.529049,0.816529,1.445416,2.794128,9.857976,14.055325,0.334295,3.02903,8.348231,0.858594,0.651553,1.360062,3.297359,2.426668,2.937339,3.663272,16.563375,2.748231,7.892907,3.507224
2016-07-18,0.520006,0.807556,1.520502,2.830298,9.866817,14.203552,0.339003,2.818554,8.600078,0.854513,0.647456,1.337619,3.297359,2.246915,2.946055,3.37525,16.837368,2.701493,7.901745,3.523613
2016-07-25,0.501918,0.780638,1.478266,2.866468,9.707674,13.436262,0.339003,2.827705,8.544111,0.862684,0.655651,1.310153,3.227574,2.103112,2.86761,3.402252,16.086098,2.58932,7.86639,3.425279
2016-08-01,0.515484,0.780638,1.445416,2.91168,9.415915,12.930549,0.343712,2.781949,8.366885,0.873797,0.651553,1.305588,3.32467,2.058174,2.911191,3.447255,15.847455,2.495843,7.86639,3.33514
2016-08-08,0.551658,0.690909,1.421951,2.902638,9.833478,13.113653,0.34842,2.818554,8.301592,0.890446,0.671711,1.305588,3.422716,2.157038,2.972204,3.438255,15.838616,2.561277,8.237613,3.574132
2016-08-15,0.533571,0.713341,1.421951,2.794128,9.760433,12.982864,0.343712,2.827705,8.226971,0.89877,0.671711,1.273633,3.449456,2.076149,2.858894,3.438255,15.52043,2.542581,8.184583,3.523673
2016-08-22,0.529049,0.704368,1.412565,2.821255,9.787826,13.433932,0.334295,2.83217,8.320459,0.886284,0.667564,1.259454,3.43163,2.078613,2.876596,3.411252,16.271315,2.618194,8.299484,3.548902
2016-08-29,0.592354,0.655018,1.450202,2.776043,9.687389,13.371655,0.334295,2.841395,8.499699,0.890446,0.680003,1.296361,3.422716,2.069535,2.885447,3.38425,16.226242,2.551791,8.246452,3.254562
2016-09-05,0.624007,0.699882,1.440785,2.87551,9.705651,13.736417,0.339003,2.952099,8.594034,0.89877,0.688296,1.305588,3.440543,2.133074,2.973958,3.411252,16.88431,2.542304,8.202259,3.363889
2016-09-12,0.619485,0.655018,1.450202,2.821255,9.577826,13.487311,0.339003,2.905972,8.584601,0.890446,0.671711,1.319428,3.387063,2.105843,2.920851,3.366249,17.001499,2.456928,7.954777,3.288201
2016-09-19,0.601398,0.646045,1.436076,2.857425,9.64174,13.540692,0.339003,2.942873,8.584601,0.89877,0.671711,1.370175,3.395976,2.105843,2.920851,3.420253,16.992483,2.42847,8.131549,3.347069
2016-09-26,0.596876,0.672963,1.440785,2.893595,9.596087,13.691935,0.334295,2.970549,8.518566,0.890446,0.680003,1.347108,3.306844,2.105843,2.858894,3.429254,16.974455,2.456928,7.972455,3.33866
2016-10-03,0.596876,0.690909,1.431368,2.848383,9.559565,13.718624,0.339003,2.961324,8.528,0.886284,0.675857,1.402469,3.369236,2.123997,2.867745,3.438255,16.947411,2.485388,8.308323,3.32184
2016-10-10,0.569745,0.663991,1.417243,2.80317,9.340434,13.371655,0.339003,2.970549,8.584601,0.873797,0.680003,1.407082,3.333583,2.11492,2.814638,3.38425,16.514711,2.409497,8.272967,3.262972
2016-10-17,0.565223,0.663991,1.421951,2.821255,9.294782,13.371655,0.34842,3.044351,8.499699,0.873797,0.68415,1.402469,3.289017,2.123997,2.796936,3.366249,16.965439,2.447442,8.219936,3.262972
2016-10-24,0.565223,0.663991,1.421951,2.80317,9.25826,13.255999,0.371962,3.053577,8.414796,0.861319,0.671711,1.467056,3.289017,2.123997,2.752681,3.37525,16.794161,2.400011,8.361355,3.279791
2016-10-31,0.560702,0.650531,1.403117,2.748915,9.084783,13.282689,0.339003,2.998225,8.377061,0.859854,0.650979,1.522416,3.24445,2.069535,2.699575,3.339247,16.622887,2.381039,8.396709,3.237743
2016-11-07,0.57434,0.690909,1.379575,2.757958,8.920434,14.350285,0.357837,3.044351,8.386495,0.855617,0.640607,1.393242,3.08401,1.960612,2.708425,3.321246,17.010513,2.475901,8.732577,3.170465
2016-11-14,0.532987,0.695396,1.337199,2.721788,8.946411,14.679461,0.371962,3.108928,8.480831,0.847152,0.644822,1.337881,3.110545,1.897074,2.903149,3.312245,17.632519,2.494874,8.732577,3.120007
2016-11-21,0.523718,0.771665,1.388992,2.73083,9.029333,15.168776,0.409629,3.311885,8.584601,0.847152,0.644822,1.374788,3.0294,1.860766,2.912,3.294244,17.920986,2.608708,8.493935,3.153646
2016-11-28,0.537622,0.771665,1.388992,2.776043,8.909556,15.916094,0.400212,3.30266,8.612902,0.859854,0.636393,1.360855,3.056448,1.897074,2.965106,3.357249,18.533978,2.798432,8.856318,3.162055
2016-12-05,0.532987,0.780638,1.370158,2.80317,8.99248,15.862715,0.400212,3.330336,8.603468,0.864091,0.636393,1.35621,3.083497,1.869843,2.99166,3.303245,18.840473,2.760487,8.7149,3.187284
2016-12-12,0.500545,0.753719,1.356033,2.73083,9.020121,16.040648,0.400212,3.413364,8.631769,0.847152,0.627964,1.370144,3.0294,1.87892,2.956255,3.310299,18.867516,2.760487,8.750254,3.136826
2016-12-19,0.486641,0.722314,1.308948,2.69466,8.927983,15.471262,0.400212,3.311885,8.546866,0.842915,0.619535,1.346921,3.020384,1.906151,2.841192,3.245932,18.344673,2.713056,8.564643,3.069549
2016-12-26,0.491275,0.731287,1.346616,2.73083,8.909556,15.426779,0.404921,3.311885,8.575168,0.864091,0.623749,1.360855,3.038416,1.924305,2.858894,3.245932,18.389744,2.70357,8.732577,3.126547
2017-01-02,0.514449,0.744746,1.3937,2.794128,9.020121,15.720366,0.395504,3.339561,8.612902,0.881039,0.649036,1.425879,3.065464,1.906151,2.912,3.337885,18.759338,2.845863,8.670707,3.20364
2017-01-09,0.546892,0.749233,1.403117,2.866468,9.066189,16.289751,0.404921,3.487166,8.773273,0.893741,0.649036,1.388722,3.128577,1.915228,2.956255,3.393057,18.957663,2.950212,8.776772,3.280733
2017-01-16,0.532987,0.731287,1.370158,2.884552,9.139896,16.254166,0.400212,3.588645,8.961946,0.897978,0.636393,1.35621,3.137593,1.915228,2.912,3.236737,18.678209,2.959698,8.608836,3.263601
2017-01-23,0.537622,0.726801,1.384283,3.02019,9.25046,17.054867,0.395504,3.616321,8.971378,0.893741,0.640607,1.370144,3.155625,2.087689,2.956255,3.190761,18.930618,3.026102,9.068446,3.332128
2017-01-30,0.556161,0.74026,1.370158,3.047317,9.17675,16.601135,0.400212,3.616321,9.169487,0.905504,0.632178,1.365499,3.173657,1.99692,2.938553,3.190761,18.371716,3.016615,9.086123,3.297865
2017-02-06,0.556161,0.794097,1.356033,3.155827,9.066189,16.876928,0.400212,3.625546,9.414761,0.918444,0.642695,1.365499,3.290866,2.160305,3.018213,3.209151,18.849487,2.988156,9.1038,3.34926
2017-02-13,0.546892,0.821015,1.3937,3.1287,9.066189,16.547758,0.404921,3.634771,9.38646,0.914131,0.64698,1.272608,3.299882,2.123997,3.204085,3.181565,19.092882,3.026102,8.944704,3.426353
2017-02-20,0.542257,0.821015,1.341907,3.282422,9.084615,16.787966,0.37667,3.413364,9.273256,0.922757,0.638411,1.291186,3.32693,2.133074,3.266043,3.181565,19.561638,3.101991,9.121477,3.39209
2017-02-27,0.530006,0.97804,1.33249,3.191997,9.139896,16.912519,0.353129,3.358012,9.471362,0.918444,0.638411,1.286525,3.335946,2.11492,3.23949,3.190761,19.417408,3.120964,9.704828,3.340694
2017-03-06,0.539387,1.000472,1.323074,3.34572,9.149111,16.841345,0.353129,3.30266,9.461928,0.918444,0.625557,1.26788,3.335946,2.241997,3.23949,3.209151,19.282187,3.05456,9.704828,3.374958
2017-03-13,0.539387,1.036364,1.33249,3.363804,9.22282,17.028175,0.362545,3.339561,9.358158,0.922757,0.634126,1.258557,3.335946,2.314612,3.319149,3.245932,19.787004,3.073533,9.784374,3.417787
2017-03-20,0.544077,1.013931,1.327782,3.336677,9.259673,16.716793,0.362545,3.265759,9.339291,0.935688,0.642695,1.230589,3.299882,2.296458,3.257192,3.273518,19.633757,2.959698,9.978825,3.34926
2017-03-27,0.534697,1.013931,1.33249,3.282422,9.278101,17.259487,0.362545,3.256534,9.452496,0.944314,0.64698,1.26788,3.32693,2.332766,3.301447,3.264323,19.931238,3.016615,10.137921,3.357826
2017-04-03,0.534697,1.04085,1.384283,3.390932,9.342596,16.912519,0.343712,3.265759,9.509097,0.952941,0.655549,1.26788,3.317915,2.459843,3.230639,3.236737,19.814047,2.988156,10.102567,3.323563
2017-04-10,0.530006,1.036364,1.370158,3.327634,9.370237,16.983692,0.343712,3.238083,9.395894,0.957254,0.659834,1.263219,3.308898,2.477996,3.319149,3.181565,19.732916,2.978671,10.332371,3.229338
2017-04-17,0.525316,0.987013,1.341907,3.273379,9.370237,16.698999,0.32017,3.238083,9.395894,0.965871,0.655549,1.272541,3.335946,2.450765,3.354553,3.126394,19.624743,2.931239,10.34121,3.195074
2017-04-24,0.530006,1.031877,1.318365,3.399974,9.443947,17.215004,0.339003,3.274984,9.631733,0.974498,0.659834,1.286525,3.372011,2.450765,3.354553,3.190761,19.651785,2.874322,10.783142,3.20364
2017-05-01,0.501864,1.112633,1.313657,3.273379,9.600576,18.166945,0.345178,3.201182,9.735503,0.957254,0.64698,1.30517,3.462171,2.414458,3.499758,3.126394,21.390276,3.056177,11.428364,3.212206
2017-05-08,0.511245,1.108146,1.327782,3.353527,9.950694,18.667109,0.35956,3.508358,9.801538,0.97791,0.652764,1.295848,3.543316,2.521363,3.408856,3.16269,21.610132,3.056177,11.490232,3.177943
2017-05-15,0.492484,1.090201,1.323176,3.27921,9.195178,18.685162,0.364354,3.424381,9.810971,1.012984,0.652764,1.216605,3.570364,2.493858,3.317953,3.087833,21.31699,3.017735,11.304622,3.195074
2017-05-22,0.506555,1.167799,1.313657,3.269921,9.103044,18.775427,0.369148,3.40572,10.506412,1.017371,0.661467,1.188637,3.525284,2.493858,3.381585,3.087833,21.408596,3.027345,11.857921,3.195074
2017-05-29,0.508646,1.172433,1.299378,3.362816,9.241246,18.486574,0.349972,3.303082,10.611192,1.048067,0.661467,1.156008,3.543316,2.493858,3.363405,3.031691,21.390276,3.017735,11.775191,3.263601
2017-06-05,0.532415,1.139995,1.304137,3.344237,9.287314,18.703215,0.354766,3.228436,10.992203,1.048067,0.652764,1.193299,3.606428,2.448015,3.427036,3.041048,21.619293,3.008124,11.490233,3.20364
2017-06-12,0.532415,1.11219,1.289858,3.316368,9.185966,18.459494,0.349972,3.28442,10.763595,1.034916,0.670171,1.19796,3.768718,2.457183,3.363405,2.975548,21.023848,2.95046,11.269622,3.255036
2017-06-19,0.556183,1.098287,1.256541,3.2885,9.17675,18.369228,0.35956,3.256428,10.668342,1.04368,0.670171,1.221267,3.777734,2.393003,3.372495,3.012976,20.996363,2.931239,11.361543,3.246469
2017-06-26,0.556183,1.102922,1.27558,3.251342,9.32417,18.72127,0.35956,3.125798,10.668342,1.048067,0.678874,1.239912,3.678557,2.393003,3.345224,3.022333,21.179579,2.960071,11.076586,3.332128
2017-07-03,0.565691,1.158531,1.242262,3.242052,9.241246,18.802507,0.364354,3.116467,10.315906,1.048067,0.687578,1.272541,3.660525,2.41134,3.308863,2.928763,21.271185,3.027345,10.846781,3.306431
2017-07-10,0.546676,1.200238,1.213704,3.372106,9.296529,19.046228,0.369148,3.125798,10.30638,1.052453,0.674523,1.277202,3.660525,2.365498,3.381585,2.910048,21.848309,3.017735,11.499426,3.34926
2017-07-17,0.560937,1.246579,1.227983,3.474291,9.45316,19.389238,0.369148,3.144459,10.211127,1.061226,0.683226,1.249234,3.660525,2.365498,3.427036,2.788407,21.967402,3.161894,12.041765,3.34926
2017-07-24,0.541922,1.209506,1.213704,3.427843,9.471586,19.569773,0.373943,3.097805,10.096825,1.052453,0.674523,1.221267,3.263818,2.34716,3.417946,2.676122,22.031525,3.152283,12.032573,3.426353
2017-07-31,0.598967,1.353164,1.14707,3.585765,9.701926,19.398266,0.364354,3.191113,10.382581,1.052759,0.665819,1.235164,3.28267,2.365498,3.463398,2.694836,22.013203,3.056177,12.731179,3.280733
2017-08-07,0.575198,1.418042,1.075675,3.437133,9.861614,18.775427,0.35956,2.985837,10.211127,1.052759,0.671628,1.188377,3.245785,2.438847,3.363405,2.619979,22.16894,2.960071,14.523656,3.309983
2017-08-14,0.560937,1.48292,1.075675,3.48358,9.610186,18.796387,0.354766,2.920522,10.392108,1.074882,0.667209,1.164984,3.218123,2.374666,3.23614,2.619979,21.527685,2.863965,14.422541,3.30118
2017-08-21,0.575198,1.478286,1.089954,3.446422,9.703307,18.732204,0.369148,3.033295,10.639766,1.052759,0.658372,1.169625,3.208902,2.380194,3.271746,2.582551,21.927263,2.931239,13.843432,3.30118
2017-08-28,0.575198,1.385603,1.051771,3.511449,9.600874,18.906416,0.378737,3.127497,10.786167,1.088147,0.658372,1.183717,3.245785,2.370896,3.363908,2.582551,22.336248,2.892415,14.523656,3.257164
2017-09-04,0.570445,1.306823,1.008744,3.437133,9.479815,18.768881,0.369148,3.052135,10.99766,1.079307,0.653953,1.183717,3.144355,2.324408,3.308611,2.563837,21.843605,2.85359,14.082431,3.239558
2017-09-11,0.570445,1.316091,1.051771,3.381396,9.433253,18.392954,0.373943,3.089816,11.343741,1.074882,0.667209,1.17902,3.144355,2.398789,3.253314,2.507695,21.425323,2.834178,15.672677,3.230755
2017-09-18,0.565691,1.306823,1.056552,3.353527,9.423942,18.897247,0.364354,3.042716,11.641754,1.068321,0.667209,1.169625,3.162797,2.3523,3.234881,2.545123,21.81572,2.863297,15.902482,3.239558
2017-09-25,0.560937,1.325359,1.075675,3.325658,9.349443,19.089796,0.35956,2.995614,11.507169,1.119557,0.671628,1.174323,3.218123,2.3523,3.170368,2.545123,21.843605,2.873003,16.215015,3.239558
2017-10-02,0.55143,1.380969,1.080456,3.427843,9.572936,19.713285,0.35956,3.127497,11.776342,1.137615,0.680465,1.169625,2.941493,2.31511,3.124287,2.545123,22.642988,2.931239,16.959585,3.239558
2017-10-09,0.565691,1.394871,1.10436,3.474291,9.498439,19.639935,0.369148,3.146337,11.872476,1.110529,0.689302,1.207204,2.950714,2.287217,3.105855,2.55448,22.577925,3.135067,16.904428,3.257164
2017-10-16,0.570445,1.413408,1.10436,3.446422,9.535687,20.025028,0.364354,3.127497,11.728274,1.119557,0.684884,1.216598,2.969157,2.31511,3.115071,2.55448,22.577925,3.125361,16.738972,3.309983
2017-10-23,0.570445,1.422676,1.099579,3.455712,9.582248,20.795223,0.373943,3.174598,11.747501,1.155673,0.680465,1.211901,3.015261,2.324408,3.234881,2.535766,23.237879,3.20301,17.033121,3.336392
2017-10-30,0.541922,1.455115,1.090018,3.427843,9.572936,21.061125,0.373943,3.193438,11.699435,1.160187,0.667209,1.202507,3.00604,2.343003,3.198017,2.488981,23.02409,3.20301,17.740919,3.318786
2017-11-06,0.544668,1.519993,1.10436,3.325658,10.085107,22.014696,0.383531,3.118077,11.747501,1.169216,0.691167,1.207204,3.033703,2.343003,3.105855,2.526408,23.460962,3.086537,20.176851,3.327589
2017-11-13,0.582891,1.58487,1.090018,3.27921,9.815053,22.124725,0.369148,2.976774,11.247607,1.155673,0.682191,1.211901,2.950714,2.324408,3.041341,2.545123,23.29365,2.989476,19.257633,3.239558
2017-11-20,0.573335,1.547797,1.04221,3.316368,9.852302,22.922424,0.35956,2.986194,10.661194,1.146644,0.668727,1.221296,2.968362,2.268622,3.004477,2.545123,24.167395,3.018594,19.367935,3.248361
2017-11-27,0.556986,1.42731,1.013525,3.316368,9.964225,22.537327,0.371033,2.967354,11.113022,1.137615,0.677703,1.207186,2.959027,2.287217,2.995261,2.582551,24.660038,2.960357,18.862368,3.292377
2017-12-04,0.576192,1.436578,1.023087,3.214184,9.926624,22.775721,0.361269,2.920253,11.151475,1.146644,0.682191,1.197754,2.949693,2.268622,2.958396,2.479624,24.055851,2.931239,18.623369,3.327589
2017-12-11,0.580994,1.390237,1.032648,3.251342,9.879622,22.537327,0.371033,2.939093,10.872687,1.191787,0.691167,1.188323,2.90302,2.324408,2.939964,2.450016,24.213869,2.931239,18.586601,3.30118
2017-12-18,0.556986,1.390237,1.061333,3.260631,10.011226,22.665693,0.366151,2.910833,10.757327,1.182758,0.682191,1.16003,2.92169,2.31511,2.958396,2.516232,23.916424,2.950651,18.476295,3.160329
2017-12-25,0.556986,1.362432,1.070895,3.27921,10.030025,22.784889,0.361269,2.910833,10.911142,1.191787,0.695655,1.169461,2.92169,2.333705,3.004477,2.506773,24.585676,2.940945,18.816406,3.200764
2018-01-01,0.556986,1.399505,1.070895,3.390685,10.142828,24.132729,0.371033,3.014455,11.411034,1.218873,0.691167,1.178892,3.015034,2.333705,3.078206,2.591908,25.013252,3.067125,19.947046,3.227661
2018-01-08,0.552184,1.48292,1.04221,3.511449,10.396635,24.151066,0.371033,2.976774,11.718661,1.209845,0.682191,1.169461,2.987031,2.333705,3.059774,2.487854,25.905586,3.076831,20.820305,3.227661
2018-01-15,0.556986,1.519993,1.061333,3.548607,10.368434,24.141897,0.371033,2.986194,11.728274,1.236931,0.695655,1.197754,2.987031,2.343003,3.059774,2.55407,26.05431,3.290365,22.337015,3.227661
2018-01-22,0.552184,1.48292,1.070895,3.567186,10.744442,24.37112,0.375915,3.014455,11.709048,1.218873,0.700143,1.226048,3.043038,2.343003,3.14272,2.544611,25.914883,3.348601,21.500525,3.227661
2018-01-29,0.547383,1.455115,1.04221,3.455712,10.64104,24.462811,0.375915,2.976774,11.670595,1.201339,0.682191,1.301497,3.108379,2.343003,3.087423,2.535151,25.580257,3.465074,21.665985,3.129038
2018-02-05,0.523375,1.288286,1.04221,3.247938,10.086427,24.490318,0.346623,2.826051,11.430262,1.118805,0.66993,1.348652,3.099044,2.3523,2.986044,2.431096,24.390476,3.173892,19.983814,3.030415
2018-02-12,0.542581,1.288286,1.04221,3.341538,10.697441,25.929848,0.351505,2.854312,11.651368,1.155486,0.665373,1.353352,3.108379,2.445277,3.06899,2.487854,25.134089,3.125361,21.059301,2.985586
2018-02-19,0.542581,1.362432,1.051771,3.360259,10.500036,27.130981,0.351505,2.948514,11.63214,1.082122,0.660815,1.334424,3.08971,2.445277,3.124287,2.497313,26.091488,3.144773,24.506371,3.030415
2018-02-26,0.521269,1.306823,1.080456,3.360259,10.321432,26.049042,0.351505,2.995614,11.564848,1.118805,0.665373,1.296568,3.061706,2.445277,3.096638,2.412177,25.794046,3.0283,24.671831,3.003518
2018-03-05,0.530923,1.241945,1.109141,3.369619,10.302631,25.792311,0.351505,3.033295,11.651368,1.109634,0.6517,1.296568,3.033703,2.445277,3.115071,2.402718,26.063606,2.970064,25.085478,3.012484
2018-03-12,0.540576,1.241945,1.118702,3.425779,10.547038,25.90234,0.346623,3.033295,12.12242,1.100463,0.660815,1.296568,3.033703,2.463872,3.253314,2.383799,26.165852,2.999182,26.491882,3.129038
2018-03-19,0.526096,1.130726,1.090018,3.350899,10.114628,25.122978,0.341741,2.986194,11.882088,1.100463,0.656258,1.258712,2.959027,2.417384,3.216449,2.308123,25.468714,2.950651,25.398014,3.039381
2018-03-26,0.516443,1.121458,1.099579,3.341538,10.18983,25.214668,0.341741,2.995614,12.016675,1.127975,0.665373,1.296568,2.968362,2.370896,3.308611,2.383799,25.561666,3.018594,25.839237,3.021449
2018-04-02,0.511616,1.075117,1.090018,3.378979,10.349633,25.361368,0.336859,2.976774,12.785742,1.127975,0.660815,1.258712,2.977696,2.398789,3.308611,2.393258,25.44083,2.97977,25.43478,3.066278
2018-04-09,0.530923,1.121458,1.099579,3.444499,10.180429,26.058212,0.336859,2.986194,12.853036,1.164657,0.660815,1.239784,2.987031,2.426682,3.38234,2.421637,26.249508,3.047713,27.126144,3.021449
2018-04-16,0.511616,1.121458,1.118702,3.491299,10.124029,27.130981,0.341741,3.023875,12.958781,1.155486,0.6517,1.239784,3.0057,2.389491,3.363908,2.544611,27.597305,3.144773,23.247042,3.057312
2018-04-23,0.521269,1.075117,1.118702,3.51002,10.246231,27.50691,0.336859,3.070976,13.391383,1.164657,0.6517,1.258712,3.033703,2.408087,3.198017,2.610827,27.364925,2.97977,19.671278,3.129038
2018-04-30,0.50679,1.102922,1.070895,3.51002,10.368434,26.406633,0.347775,3.014455,13.391383,1.146316,0.638028,1.249248,3.033703,2.380194,3.307826,2.544611,27.434591,2.969151,18.016687,3.138004
2018-05-07,0.511616,1.102922,1.070895,3.435139,10.481236,27.561195,0.357572,3.041688,13.226091,1.154618,0.634091,1.287104,3.080375,2.502031,3.213045,2.678515,27.9914,3.027752,19.781588,3.182832
2018-05-14,0.535749,0.982434,1.032648,3.432967,10.866645,27.121637,0.328182,3.109067,12.906574,1.135995,0.647976,1.306032,3.08971,2.492589,3.317304,2.659176,27.906462,2.998452,19.487436,3.057312
2018-05-21,0.526096,0.946667,1.039326,3.432967,10.988847,27.065523,0.298793,3.137944,13.061492,1.16393,0.634091,1.249248,3.080375,2.473706,3.288869,2.659176,27.679966,2.959384,19.467981,2.985586
2018-05-28,0.51925,0.994966,1.019899,3.394286,10.735043,26.466976,0.308589,3.128318,12.974351,1.154618,0.634091,1.249248,2.977696,2.464264,3.269913,2.591488,26.519163,2.861715,19.997723,2.913861
2018-06-04,0.533808,0.975646,1.029613,3.384615,10.744442,26.654022,0.298793,3.118693,13.003399,1.167572,0.634091,1.287104,2.959027,2.464264,3.307826,2.610827,26.443663,2.871481,19.988262,2.895929
2018-06-11,0.528955,0.932177,1.000473,3.278242,10.518837,25.821669,0.313488,3.157195,12.741974,1.158157,0.615578,1.258712,2.987031,2.492589,3.269913,2.543139,25.433857,2.734744,19.023378,2.860066
2018-06-18,0.504691,0.922517,0.981046,3.113846,10.359034,25.148302,0.323284,3.022437,13.138951,1.158157,0.601692,1.211392,2.940358,2.464264,3.175133,2.581818,24.829865,2.695676,17.084146,2.797306
2018-06-25,0.509544,0.874218,0.981046,3.055824,10.048826,24.88644,0.298793,2.945432,12.993716,1.158157,0.597064,1.192464,2.931024,2.454823,3.118265,2.51413,25.254549,2.68591,16.876034,2.761443
2018-07-02,0.48528,0.821088,0.956763,2.891428,9.560016,23.708054,0.293895,2.916555,12.170716,1.176989,0.606321,1.201928,2.90302,2.275432,3.070875,2.610827,24.782677,2.558939,15.608439,2.895929
2018-07-09,0.514397,0.854898,1.029613,2.959121,9.832622,24.549757,0.274302,2.887679,12.383727,1.19582,0.606321,1.268176,2.996365,2.332082,3.213045,2.697855,25.05636,2.568706,15.523303,2.904895
2018-07-16,0.499838,0.830748,1.068466,3.084835,10.067627,24.559111,0.269404,2.926181,12.848481,1.205236,0.624834,1.258712,2.987031,2.407614,3.213045,2.775213,24.943113,2.627308,15.419246,2.967655
2018-07-23,0.499838,0.874218,1.097606,3.152528,9.607017,25.307293,0.2792,2.955058,13.071175,1.19582,0.634091,1.296998,2.800341,2.426497,3.222523,2.784883,25.783043,2.637075,15.930068,2.8511
2018-07-30,0.480427,0.879048,1.068466,3.017143,9.061804,24.437531,0.274302,3.022437,13.119587,1.191608,0.620206,1.200924,2.929403,2.398173,3.175133,2.736534,25.09411,2.568706,15.939528,2.946048
2018-08-06,0.480427,0.956327,1.04904,3.200879,9.252014,23.932505,0.274302,3.070565,12.906574,1.172694,0.63479,1.114457,2.900589,2.502031,3.213045,2.678515,26.424788,2.68591,16.970633,2.908991
2018-08-13,0.431899,1.023945,1.039326,3.181538,9.261703,24.002462,0.269404,3.137944,13.148634,1.191608,0.639492,1.095243,2.823752,2.435939,3.089831,2.707525,25.301733,2.598007,16.904415,2.881198
2018-08-20,0.441605,1.062585,1.07818,3.249231,9.261703,24.050295,0.269404,3.089816,13.071175,1.191608,0.653599,1.090376,2.862171,2.49989,3.194521,2.717194,25.816269,2.764841,17.405775,2.964577
2018-08-27,0.427046,1.033605,1.039326,3.316923,9.494214,23.86853,0.2792,3.113619,13.266998,1.210523,0.653599,1.109675,2.833357,2.528846,3.213765,2.707525,26.008497,2.686127,17.131445,2.99237
2018-09-03,0.427046,1.043265,1.092816,3.162198,9.319831,23.265837,0.249811,3.064969,13.257207,1.191608,0.658301,1.03248,2.814148,2.490238,3.194521,2.639836,25.133858,2.715644,15.750335,2.899727
2018-09-10,0.402782,1.081905,1.092816,3.200879,9.310142,23.772865,0.240014,3.094159,13.051593,1.182151,0.672407,1.061428,2.833357,2.490238,3.396585,2.649506,25.297251,2.843555,15.822577,2.918256
2018-09-17,0.407635,1.120544,1.073301,3.23956,9.319831,24.901716,0.235116,3.045509,13.208251,1.182151,0.663003,1.061428,2.785334,2.480586,3.377341,2.726864,25.470257,3.000984,16.693104,2.92752
2018-09-24,0.427046,1.197823,1.102573,3.258901,9.436086,24.959116,0.244912,3.133079,13.227833,1.163237,0.653599,1.090376,2.833357,2.49989,3.425451,2.775213,26.027719,3.040341,16.865295,3.001634
2018-10-01,0.412488,1.236462,1.102573,3.152528,9.329518,24.652988,0.259607,3.103889,13.218042,1.171378,0.648896,1.071077,2.823752,2.490238,3.396585,2.765543,25.662487,2.902591,17.219246,2.973841
2018-10-08,0.407635,1.226803,1.044029,3.007473,8.971064,23.361504,0.235116,2.977398,13.120131,1.161777,0.630088,1.03248,2.737311,2.470933,3.300364,2.543139,24.326498,2.892752,15.679081,2.946048
2018-10-15,0.417341,1.139864,1.034272,3.007473,9.019504,23.208437,0.235116,2.928748,12.454333,1.171378,0.63479,1.022831,2.718102,2.519194,3.290742,2.533469,24.345722,2.882912,15.564287,2.936785
2018-10-22,0.402782,1.110884,1.044029,2.968791,9.000127,22.098719,0.249811,3.045509,12.640365,1.171378,0.625386,0.964935,2.718102,2.480586,3.28112,2.552809,23.134684,2.725484,14.818119,2.899727
2018-10-29,0.407635,1.246122,1.063544,3.104176,9.27139,23.591099,0.244912,3.103889,12.454333,1.161777,0.644194,0.993883,2.75652,2.519194,3.386963,2.543139,24.239996,2.794358,15.55472,2.946048
2018-11-05,0.400725,1.255782,1.063544,3.026813,9.222951,22.710976,0.244912,3.064969,12.522871,1.171378,0.639492,0.96011,2.718102,2.615715,3.338852,2.562479,23.701757,2.587734,14.062385,2.871934
2018-11-12,0.405612,1.236462,1.063544,3.026813,9.097007,22.309183,0.230218,3.162269,12.248719,1.152175,0.640847,0.931162,2.477987,2.606063,3.415829,2.572148,23.45186,2.656609,14.25371,2.853405
2018-11-19,0.405612,1.197823,1.122087,2.997802,9.222951,22.079586,0.220421,3.133079,12.238929,1.161777,0.636064,0.935986,2.437246,2.606063,3.358096,2.572148,23.096237,2.607412,14.081518,2.890463
2018-11-26,0.413525,1.197823,1.151359,3.017143,9.29364,23.323235,0.240014,2.957938,12.532662,1.219385,0.640847,0.960235,2.417826,2.615715,3.415829,2.552809,24.172716,2.568055,14.263276,2.853405
2018-12-03,0.408602,1.207483,1.122087,3.113846,9.215461,23.112772,0.249811,3.064969,12.268301,1.219385,0.640847,0.935986,2.398406,2.625367,3.338852,2.436772,23.884375,2.587734,14.25371,2.853405
2018-12-10,0.408602,1.168844,1.122087,3.017143,9.117735,22.663145,0.254709,3.064969,12.356421,1.238588,0.650411,0.88264,2.243043,2.596411,3.32923,2.366972,23.336523,2.558216,13.851928,2.816348
2018-12-17,0.408602,1.197823,1.083058,2.997802,9.13728,22.433548,0.230218,3.055238,11.915821,1.24819,0.645629,0.88749,2.213913,2.567455,3.386963,2.357191,23.403805,2.469662,13.373615,2.723705
2018-12-24,0.403679,1.188163,1.073301,2.968791,9.186142,22.51008,0.240014,3.055238,11.778745,1.209784,0.650411,0.87779,2.243043,2.606063,3.367718,2.298506,23.45186,2.459823,13.354483,2.849343
2018-12-31,0.418448,1.226803,1.063544,2.959121,9.0591,22.280485,0.240014,3.045509,11.602504,1.24819,0.645629,0.897189,2.320725,2.606063,3.338852,2.308287,23.432638,2.528698,13.115327,2.810576
2019-01-07,0.403679,1.255782,1.131845,3.162198,9.48909,23.705898,0.254709,3.152539,11.592713,1.276994,0.659976,0.916588,2.446957,2.615715,3.435073,2.435438,25.076189,2.695966,14.387638,2.955951
2019-01-14,0.398756,1.304082,1.11233,3.191209,9.37182,24.050295,0.259607,3.162269,11.641669,1.286596,0.679106,0.950535,2.485797,2.644671,3.550538,2.464781,25.508705,2.656609,14.492867,2.975334
2019-01-21,0.403679,1.304082,1.092816,3.191209,9.498862,23.170172,0.264505,3.191459,11.896238,1.334603,0.683888,0.940836,2.456667,2.885973,3.540915,2.464781,24.87435,2.597573,15.12424,2.955951
2019-01-28,0.477523,1.371701,1.083058,3.23956,9.41091,23.026674,0.249811,3.24984,12.141016,1.3154,0.688671,0.935986,2.427536,2.799104,3.598648,2.425658,24.355333,2.538537,15.191203,2.926876
2019-02-04,0.477523,1.40068,1.073301,3.210549,9.537952,23.246704,0.244912,3.201189,11.964777,1.353997,0.679106,0.921437,2.446957,2.828061,3.60827,2.435438,24.25922,2.509019,15.038143,2.965642
2019-02-11,0.536598,1.352381,1.083058,3.249231,9.537952,23.715466,0.254709,3.210919,11.915821,1.353997,0.675284,0.926287,2.252753,3.156231,3.569782,2.425658,24.682121,2.528698,15.401661,2.897801
2019-02-18,0.526752,1.41034,1.083058,3.345934,9.938624,23.925928,0.2792,3.171999,12.023522,1.363738,0.680142,0.99454,2.291594,3.165884,3.589025,2.435438,24.586006,2.627091,15.420793,2.975334
2019-02-25,0.56544,1.39102,1.063544,3.316923,9.635676,23.992895,0.269404,3.094159,12.728485,1.373479,0.675284,0.975039,2.340145,3.397533,3.589025,2.415877,24.028545,2.568055,17.649729,2.897801
2019-03-04,0.54064,1.342721,1.063544,3.316923,9.518407,23.973763,0.269404,3.103889,12.552244,1.353997,0.680142,0.970164,2.349855,3.822225,3.550538,2.386534,23.942043,2.528698,17.601896,2.849343
2019-03-11,0.5456,1.38136,1.053787,3.326593,9.577043,24.050295,0.264505,3.220649,12.610991,1.363738,0.685,0.970164,2.330435,3.851182,3.637136,2.415877,24.25922,2.479501,17.018356,2.936568
2019-03-18,0.5456,1.458639,1.034272,3.355604,9.52818,24.251192,0.274302,3.220649,12.581618,1.412443,0.680142,0.960414,2.369275,3.754661,3.60827,2.376753,24.220774,2.509019,17.228813,2.878418
2019-03-25,0.53568,1.44898,1.044029,3.52967,9.440228,24.136393,0.274302,3.220649,13.071176,1.422184,0.709291,0.975039,2.388696,3.851182,3.598648,2.357191,24.211163,2.509019,17.161852,2.926876
2019-04-01,0.55056,1.555238,1.053787,3.539341,9.664995,25.810539,0.313488,3.38606,13.247416,1.402702,0.714149,1.00429,2.446957,3.84153,3.675624,2.484343,25.489481,2.666448,18.032379,2.994717
2019-04-08,0.53072,1.555238,1.063544,3.52967,9.64545,25.810539,0.313488,3.493091,13.394283,1.441666,0.733582,1.033541,2.417826,4.005615,3.675624,2.376753,25.643263,2.686127,17.85062,3.062559
2019-04-15,0.50592,1.545578,1.053787,3.52,9.625905,26.212332,0.288996,3.541742,13.45303,1.402702,0.733582,1.023791,2.408116,3.995963,3.723734,2.415877,25.758598,2.666448,18.405462,3.052867
2019-04-22,0.51088,1.516599,1.044029,3.461978,9.420683,26.221899,0.2792,3.541742,13.903422,1.441666,0.728724,1.00429,2.446957,3.976659,3.800711,2.464781,26.219948,2.666448,16.760069,3.033484
2019-04-29,0.5208,1.506939,1.024514,3.61,9.518407,26.52803,0.288996,3.541742,13.394283,1.461148,0.728724,1.014041,2.466377,3.880138,3.931699,2.406096,26.690908,2.636356,16.530478,3.072251
2019-05-06,0.50096,1.43932,1.005,3.4,9.322957,25.950333,0.28,3.415251,13.849894,1.441666,0.744284,0.945788,2.408116,3.930073,3.971214,2.39,24.614841,2.507511,15.334697,3.072251
2019-05-13,0.5208,1.42,1.005,3.33,9.088418,25.305241,0.275,3.531821,14.393996,1.441637,0.739355,0.931162,2.378986,3.930073,3.85267,2.38,24.449535,2.507511,15.391165,3.043176
2019-05-20,0.50096,1.323401,1.024901,3.28,8.961375,24.912001,0.265,3.373087,14.285175,1.461385,0.739355,0.916537,2.340145,3.920248,3.85267,2.39,24.116756,2.448045,14.887992,3.052867
2019-05-27,0.53,1.37,1.024901,3.22,8.90274,24.0124,0.265,3.263958,13.37504,1.441637,0.724568,0.901911,2.349855,3.900598,3.862549,2.34,23.000965,2.388578,14.907723,3.101326
2019-06-03,0.535,1.4,1.005,3.27,8.951603,24.111256,0.27,3.323483,13.098042,1.500882,0.724568,0.921412,2.408116,3.831821,4.030485,2.33,23.715464,2.339022,15.183976,3.178859
2019-06-10,0.555,1.47,1.024901,3.43,8.922285,24.526457,0.27,3.452454,13.48386,1.560127,0.744284,0.921412,2.417826,3.920248,4.060122,2.37,24.459324,2.348933,16.407375,3.227317
2019-06-17,0.555,1.5,1.054752,3.52,9.117735,25.623772,0.295,3.571504,13.899357,1.550253,0.764,0.936038,2.427536,3.871122,4.109514,2.42,25.76108,2.428222,16.97961,3.333925
2019-06-24,0.535,1.53,1.034851,3.53,9.0591,25.663313,0.29,3.670712,13.968606,1.570002,0.764,0.926287,2.437246,4.03815,4.089757,2.44,25.575115,2.388578,16.071928,3.392075
2019-07-01,0.535,1.51,1.034851,3.72,9.274095,25.337084,0.295,3.779842,14.027964,1.629247,0.773858,0.960414,2.806232,4.185528,4.178665,2.54,25.702354,2.398489,15.894338,3.450225
2019-07-08,0.54,1.49,1.034851,3.69,9.313185,25.485371,0.3,3.730237,14.146677,1.58975,0.778787,0.960414,2.69942,4.126577,4.237937,2.49,25.966621,2.388578,14.700535,3.430841
2019-07-15,0.535,1.52,1.024901,3.63,9.430454,26.315771,0.3,3.888971,14.077427,1.58975,0.783716,0.984789,2.709131,4.057801,4.237937,2.28,26.367916,2.398489,15.331967,3.430841
2019-07-22,0.535,1.44,1.024901,3.64,9.401137,26.572798,0.31,4.017942,13.929035,1.58975,0.778787,0.945788,2.573189,4.057801,4.237937,2.24,26.358128,2.428222,15.598353,3.198242
2019-07-29,0.52,1.42,1.01495,3.53,8.90274,25.949999,0.295,3.948496,13.661931,1.530505,0.768929,0.959921,2.63,4.008675,4.139151,2.12,25.447876,2.299378,14.799196,3.35
2019-08-05,0.5,1.04,0.995049,3.45,9.05,24.654972,0.3,3.988179,13.830107,1.52,0.739355,0.949974,2.62,4.047976,4.168786,2.09,25.496815,2.220089,14.562409,3.26
2019-08-12,0.5,0.99,1.005,3.4,8.94,24.700001,0.29,3.690554,13.849894,1.56,0.75,0.940026,2.53,4.0185,3.990971,2.06,24.508263,2.210178,14.996519,3.21
2019-08-19,0.51,0.915,0.990074,3.45,8.89,24.389999,0.285,3.779842,13.543217,1.54,0.765,0.94,2.49,4.028325,3.931699,2.04,24.65,2.190356,14.779464,3.25
2019-08-26,0.455,0.91,0.98,3.47,8.83,24.530001,0.265,3.81,13.57,1.57,0.75,0.92,2.43,4.09,3.94,1.99,24.959999,2.07,14.976787,3.17
2019-09-02,0.445,0.98,0.955,3.56,9.02,24.76,0.265,3.86,13.6,1.56,0.765,0.92,2.51,4.14,3.98,1.98,25.5,2.13,15.27277,3.2
2019-09-09,0.48,1.12,0.96,3.63,9.25,25.559999,0.275,3.86,14,1.59,0.76,0.935,2.56,4.15,3.92,2.05,26.41,2.23,16.1,3.21
2019-09-16,0.465,1.05,1.02,3.53,9.24,25.15,0.245,3.8,13.66,1.61,0.75,0.945,2.57,4.12,3.89,2.11,25.76,2.18,15.76,3.17
2019-09-23,0.46,0.975,1,3.52,9.15,24.9,0.23,3.72,13.54,1.62,0.74,0.975,2.52,4.07,3.84,2.11,25.68,2.13,15.27,3.12
2019-09-30,0.46,0.96,0.99,3.53,9.14,25,0.225,3.73,13.38,1.62,0.745,0.975,2.58,4.1,3.84,2.08,25.66,2.08,15.31,3.1
