Date,558.SI,BTJ.SI,C31.SI,C52.SI,CC3.SI,E28.SI,EB5.SI,EH5.SI,F34.SI,F99.SI,G13.SI,H17.SI,H30.SI,J69U.SI,O39.SI,S41.SI,S68.SI,U14.SI,U9E.SI,V01.SI
2009-12-28,0.034585,0.777014,3.26832,1.133162,1.163005,0.164736,0.789204,0.120999,5.240119,1.780911,1.108659,0.487873,0.471159,0.812477,6.094017,2.0356,5.648624,3.268151,0.474972,1.483035
2010-01-04,0.035602,0.956325,3.299447,1.126252,1.152186,0.17548,0.925559,0.130757,5.623146,1.869957,1.05749,0.504696,0.485127,0.829883,5.966781,1.977624,5.730487,3.268151,0.511513,1.653108
2010-01-11,0.037636,1.016095,3.330573,1.126252,1.168414,0.17548,0.99167,0.140515,5.794283,1.903879,1.066018,0.501331,0.523512,0.812477,5.893118,1.99695,5.689555,3.27618,0.840342,1.591882
2010-01-18,0.035602,0.956325,3.167158,1.133162,1.163005,0.161155,0.925559,0.136612,5.427557,1.814833,1.040434,0.484508,0.499086,0.829883,5.658732,1.971182,5.587223,3.171793,0.840342,1.557867
2010-01-25,0.034585,0.896555,3.003742,1.098614,1.173823,0.153993,0.892503,0.130757,5.370512,1.76395,0.903983,0.46432,0.453708,0.777653,5.484617,1.938974,5.450784,3.003165,0.803801,1.578276
2010-02-01,0.034585,0.896555,2.832544,1.057157,1.152186,0.150411,0.84292,0.140515,4.979335,1.624022,0.946624,0.471049,0.432774,0.748638,5.417652,1.88744,5.239302,2.971046,0.621126,1.659911
2010-02-08,0.034585,0.896555,3.058214,1.064067,1.135958,0.153993,0.859448,0.136612,5.117877,1.748725,0.903983,0.474414,0.446733,0.787264,5.692218,1.900323,5.311988,3.163762,0.694198,1.632699
2010-02-15,0.034585,0.896555,3.034869,1.070976,1.152186,0.153993,0.851184,0.136612,5.207522,1.735675,0.801645,0.474414,0.436257,0.781344,5.719003,1.88744,5.305132,3.131643,0.621126,1.666714
2010-02-22,0.035602,0.836784,2.941488,1.070976,1.157596,0.161155,0.851184,0.13466,5.297166,1.853127,0.763269,0.444133,0.443241,0.799098,5.685519,1.932532,5.284571,3.195882,0.621126,1.632699
2010-03-01,0.038654,0.777014,3.034869,1.064067,1.184642,0.153993,0.933823,0.136612,5.403109,1.931428,0.771797,0.427309,0.443241,0.810938,5.712309,1.964741,5.209176,3.139673,0.657657,1.653108
2010-03-08,0.038654,0.836784,3.058214,1.084795,1.190052,0.161155,0.975142,0.140515,5.509052,1.948828,0.793117,0.430674,0.460692,0.793178,5.946696,1.984066,5.401092,3.163762,0.657657,1.605488
2010-03-15,0.044757,0.836784,3.143813,1.084795,1.233326,0.164736,0.966879,0.136612,5.378659,1.935778,0.818702,0.427309,0.460692,0.810938,5.96009,1.977624,5.503905,3.179822,0.694198,1.619093
2010-03-22,0.048826,0.836784,3.136031,1.098614,1.238735,0.171899,0.942087,0.144418,5.378659,2.027129,0.784589,0.437403,0.453708,0.799098,5.832846,1.958299,5.38053,3.163762,0.657657,1.673517
2010-03-29,0.047808,0.896555,3.143813,1.077885,1.2766,0.186224,0.975142,0.14637,5.606845,2.166331,0.759005,0.434038,0.453708,0.793178,5.939996,1.984066,5.305132,3.163762,0.694198,1.700729
2010-04-05,0.047808,0.896555,3.167158,1.077885,1.271191,0.193386,0.999934,0.148321,5.614995,2.13153,0.767533,0.440768,0.467676,0.799098,5.980175,1.99695,5.407946,3.268151,0.76727,1.707531
2010-04-12,0.047808,0.896555,3.190503,1.098614,1.309056,0.186224,0.95035,0.150273,5.647593,2.12718,0.767533,0.457591,0.4572,0.810938,6.134203,2.042042,5.723238,3.28421,0.730729,1.734743
2010-04-19,0.047808,0.896555,3.065995,1.091704,1.28201,0.186224,0.933823,0.14637,5.655744,2.14893,0.729156,0.447497,0.443241,0.816858,5.899817,2.0356,5.723238,3.195882,0.694198,1.721137
2010-04-26,0.049843,0.896555,2.925925,1.084795,1.292486,0.193386,0.925559,0.148321,5.680191,2.14458,0.818702,0.454226,0.432774,0.799098,5.989875,2.009834,5.640988,3.091493,0.730729,1.816378
2010-05-03,0.044757,0.777014,2.864753,1.001881,1.209634,0.176837,0.851184,0.132708,5.378659,2.022779,0.80591,0.42058,0.404847,0.794934,5.819711,1.861673,5.209176,2.980772,0.621126,1.68032
2010-05-10,0.045774,0.836784,2.872645,1.04733,1.231728,0.195257,0.893655,0.136531,5.27044,2.044529,0.840022,0.37011,0.418815,0.806883,6.023909,1.963856,5.329417,3.071347,0.621126,1.788541
2010-05-17,0.044818,0.836784,2.77005,1.012185,1.187541,0.187889,0.810136,0.134523,4.548012,2.040179,0.793117,0.374787,0.376929,0.765046,5.683577,1.931017,5.164163,3.021943,0.584585,1.725907
2010-05-24,0.045911,0.836784,2.817401,1.019214,1.209004,0.180521,0.831015,0.130508,4.745037,2.12718,0.869871,0.388929,0.349011,0.753091,5.690379,1.878471,5.081538,3.186626,0.584585,1.732867
2010-05-31,0.050283,0.836784,2.841077,0.998127,1.2655,0.180521,0.876951,0.124484,4.761457,2.10978,0.878399,0.374787,0.383913,0.777001,5.819711,1.924449,5.129736,3.079582,0.584585,1.746785
2010-06-07,0.052469,0.896555,2.864753,1.005156,1.271149,0.180521,0.868599,0.126492,4.736828,2.1579,0.886927,0.371251,0.383913,0.777001,5.663153,1.885039,5.136621,3.120753,0.584585,1.802459
2010-06-14,0.054656,0.896555,2.919996,1.019214,1.299397,0.184205,0.927062,0.132516,4.786085,2.188664,0.972208,0.360644,0.390888,0.788957,5.778867,1.931017,5.226134,3.087816,0.657657,1.7955
2010-06-21,0.06668,0.836784,2.935779,1.061388,1.288098,0.184205,0.910358,0.134523,4.85176,2.285352,0.972208,0.424287,0.390888,0.777001,5.894586,1.963856,5.212362,3.112518,0.584585,1.816378
2010-06-28,0.075425,0.896555,2.856861,1.033272,1.299397,0.184205,0.860247,0.132516,4.72041,2.237008,0.989264,0.470251,0.376929,0.782979,6.078361,1.970425,5.12285,3.112518,0.584585,1.851175
2010-07-05,0.087449,0.956325,2.904212,1.068418,1.299397,0.184205,0.910358,0.130508,4.942064,2.390831,1.006321,0.491466,0.387396,0.818838,6.112395,1.996697,5.150391,3.09605,0.584585,1.830297
2010-07-12,0.090728,1.135636,2.991023,1.061388,1.321995,0.254203,0.91871,0.130508,5.073413,2.404014,1.014849,0.526823,0.39438,0.830793,6.12601,2.036105,5.198591,3.219563,0.584585,1.885971
2010-07-19,0.087449,1.016095,3.06205,1.089504,1.316345,0.235783,0.927062,0.120469,5.188345,2.527072,1.031905,0.502073,0.401364,0.830793,6.112395,2.003266,5.12285,3.227797,0.621126,2.066913
2010-07-26,0.091821,1.016095,3.125185,1.12465,1.333294,0.235783,0.943766,0.1285,5.13909,2.412804,1.083074,0.51268,0.404847,0.818838,6.146432,1.996697,5.274332,3.2525,0.584585,1.948605
2010-08-02,0.091821,1.255177,3.22778,1.117621,1.310696,0.239467,0.985526,0.126492,5.295068,2.474333,1.074546,0.569251,0.401364,0.85411,6.085171,2.068946,5.336303,3.376012,0.584585,1.913808
2010-08-09,0.089635,1.314947,3.133077,1.089504,1.338943,0.232098,0.977174,0.126492,5.032367,2.505097,1.245109,0.601073,0.390888,0.841993,5.915002,2.036105,5.253675,3.260734,0.621126,1.990361
2010-08-16,0.078704,0.896555,3.196212,1.075446,1.305046,0.209994,0.927062,0.1285,5.13909,2.417199,1.279221,0.608144,0.376929,0.85411,5.874162,2.036105,5.164163,3.29367,0.584585,1.990361
2010-08-23,0.086544,0.836784,3.156752,1.04733,1.373447,0.20631,0.927062,0.124484,5.098043,2.439174,1.364503,0.601073,0.390888,0.848052,5.901387,2.029538,5.095308,3.277202,0.511513,1.927727
2010-08-30,0.094515,0.777014,3.109401,1.102184,1.442696,0.221046,0.952346,0.1285,5.27044,2.483123,1.51801,0.604609,0.373437,0.884394,6.037522,2.029886,5.23302,3.326607,0.584585,1.899986
2010-09-06,0.088821,0.717244,3.14886,1.095026,1.408072,0.213678,0.960774,0.130508,5.248227,2.575416,1.56065,0.650573,0.376929,0.890452,5.942226,2.029886,5.343189,3.417182,0.584585,1.971147
2010-09-13,0.094515,0.717244,3.133077,1.102184,1.436926,0.228414,0.918634,0.142555,5.264731,2.698473,1.782382,0.632895,0.376929,0.920737,6.095128,2.036542,5.811407,3.532461,0.621126,1.949799
2010-09-20,0.111596,0.777014,3.196212,1.10934,1.442696,0.228414,0.952346,0.138539,5.091442,2.724843,1.714157,0.689466,0.404847,0.957086,6.095128,2.056508,6.114368,3.590101,0.730729,1.956915
2010-09-27,0.10818,0.777014,3.251455,1.102184,1.494634,0.217362,1.002913,0.136531,4.926402,2.8479,1.705629,0.763716,0.401364,0.902569,6.136684,2.056508,6.217654,3.771252,0.621126,1.942683
2010-10-04,0.10818,0.717244,3.31459,1.08787,1.483092,0.22473,0.969201,0.132516,4.934655,2.751213,1.688572,0.742502,0.401364,0.920737,6.233654,2.049853,6.499959,3.804189,0.657657,1.992495
2010-10-11,0.107041,0.717244,3.259347,1.080712,1.511946,0.217362,1.05348,0.127808,5.264731,2.781977,1.773854,0.763716,0.415323,0.926795,6.372181,2.043197,6.968178,3.804189,0.657657,1.971147
2010-10-18,0.116151,0.717244,3.156752,1.052084,1.535029,0.213678,1.045052,0.147585,5.281235,2.746817,1.893248,0.721287,0.446733,0.914685,6.275211,2.029886,6.679913,3.779487,0.548045,1.964031
2010-10-25,0.10818,0.717244,3.069942,1.059241,1.529259,0.213678,1.061908,0.143486,5.272984,2.742423,1.850607,0.742502,0.429282,0.914685,6.240585,1.99661,6.161766,3.74655,0.548045,1.942683
2010-11-01,0.113873,0.657474,3.093617,1.073555,1.592737,0.213678,1.154614,0.151685,5.520543,2.944588,1.935888,0.770788,0.436257,0.909279,6.517632,2.036542,6.399832,3.837125,0.584585,2.006728
2010-11-08,0.115012,0.657474,3.014699,1.044927,1.581195,0.209994,1.179897,0.157834,5.239976,2.89185,1.816495,0.728359,0.42579,0.909279,6.912429,1.983299,6.260239,3.804189,0.548045,2.049424
2010-11-15,0.111596,0.717244,2.998915,1.10934,1.558112,0.20631,1.171469,0.163984,5.099693,2.755607,1.739741,0.728359,0.411831,0.878556,6.780833,2.003266,6.239138,3.828892,0.474972,2.028075
2010-11-22,0.107041,0.597703,2.919996,1.066398,1.552341,0.20631,1.163042,0.161934,5.017174,2.711658,1.705629,0.678859,0.39438,0.878556,6.663086,1.983299,6.08439,3.787721,0.511513,2.02096
2010-11-29,0.110805,0.597703,2.89632,1.102184,1.587182,0.209994,1.205181,0.161934,4.975913,2.711658,1.782382,0.657645,0.397872,0.8847,6.780833,1.989955,6.08439,3.820658,0.37201,2.028075
2010-12-06,0.114341,0.597703,2.89632,1.102184,1.575424,0.195257,1.289459,0.161934,4.909898,2.751213,1.850607,0.714216,0.404847,0.8847,6.822388,1.983299,5.95778,3.853594,0.511513,2.085004
2010-12-13,0.11552,0.657474,2.856861,1.123655,1.469613,0.202626,1.230464,0.161934,4.95941,2.694079,1.799438,0.721287,0.411831,0.939994,6.843171,2.016576,5.894474,3.713614,0.604515,2.063656
2010-12-20,0.116699,0.657474,2.880537,1.102184,1.522518,0.198942,1.264176,0.159884,4.654088,2.742423,1.79091,0.73543,0.422298,0.909279,6.773904,1.989955,5.788965,3.779487,0.418511,2.077888
2010-12-27,0.117877,0.717244,2.927888,1.10934,1.546032,0.198942,1.314743,0.161934,4.645837,2.817136,1.867663,0.721287,0.436257,0.921567,6.843171,2.016576,5.922608,3.911234,0.418511,2.085004
2011-01-03,0.133202,0.717244,3.06205,1.137969,1.51664,0.209994,1.255748,0.161934,4.7036,2.861085,1.893248,0.770788,0.436257,0.939994,7.134068,2.023231,5.950746,4.010043,0.465012,2.09212
2011-01-10,0.139095,0.717244,2.927888,1.173754,1.510762,0.20631,1.306315,0.168083,4.711852,2.830321,1.876191,0.763716,0.422298,0.939994,7.037106,2.083129,5.936679,4.117088,0.465012,2.063656
2011-01-17,0.142632,0.717244,2.872645,1.15944,1.504883,0.20631,1.188325,0.168083,4.596326,2.821531,1.833551,0.813216,0.408339,0.93385,6.89165,2.043197,6.049222,3.977107,0.465012,2.127701
2011-01-24,0.13438,0.717244,2.872645,1.15944,1.499005,0.198942,1.137758,0.176283,4.431286,2.83911,1.739741,0.806145,0.404847,0.939994,6.919361,2.009921,6.028119,3.985341,0.418511,2.134816
2011-01-31,0.140274,0.717244,2.848969,1.130811,1.551911,0.202626,1.196753,0.186532,4.439539,2.702868,1.816495,0.820288,0.397872,0.958287,6.829318,2.023231,5.936679,4.108854,0.465012,2.127701
2011-02-07,0.139095,0.717244,2.635888,1.116497,1.534275,0.20631,1.222036,0.180382,4.332264,2.696696,1.731213,0.784931,0.39438,0.933399,6.586898,2.009921,5.838202,3.738316,0.418511,2.141933
2011-02-14,0.135559,0.717244,2.675348,1.10934,1.522518,0.202626,1.163042,0.180382,4.513805,2.701175,1.714157,0.799073,0.404847,0.94584,6.517632,2.003266,5.894273,3.721847,0.418511,2.191745
2011-02-21,0.129665,0.657474,2.620105,1.102184,1.534275,0.213678,1.095619,0.182432,4.291003,2.616064,1.662988,0.876859,0.369954,0.920953,6.413738,1.956677,5.653979,3.713614,0.418511,2.134816
2011-02-28,0.137917,0.777014,2.659564,1.08787,1.528397,0.217362,1.129331,0.184482,4.282752,2.598145,1.6971,0.869788,0.383913,0.94584,6.441441,1.943367,5.498494,3.870062,0.418511,2.134816
2011-03-07,0.136738,0.836784,2.596429,1.080712,1.528397,0.217362,1.061908,0.186532,4.32401,2.575748,1.671516,0.820288,0.366462,0.920953,6.420667,1.963333,5.39955,3.919467,0.37201,2.134816
2011-03-14,0.128486,0.777014,2.47805,1.073555,1.534275,0.20631,1.05348,0.190631,4.142469,2.401044,1.603291,0.73543,0.352503,0.883619,6.233654,1.930056,5.173389,3.779487,0.37201,2.134816
2011-03-21,0.139095,0.836784,2.627996,1.080712,1.581303,0.228414,1.120903,0.239826,4.423035,2.562309,1.739741,0.806145,0.390888,0.920953,6.517632,1.950022,5.547966,3.911234,0.37201,2.184629
2011-03-28,0.139095,0.836784,2.635888,1.123655,1.604817,0.221046,1.146186,0.239826,4.513805,2.714614,1.756798,0.841502,0.401364,0.939623,6.642306,1.930056,5.555033,3.952404,0.418511,2.198861
2011-04-04,0.144185,0.896555,2.762158,1.10934,1.634209,0.228414,1.205181,0.272623,4.431286,2.799726,1.842079,0.862717,0.415323,0.94584,6.76005,1.963333,5.922543,4.084152,0.418511,2.234442
2011-04-11,0.149157,0.896555,2.691132,1.10934,1.663601,0.254203,1.154614,0.274673,4.32401,2.795246,1.782382,0.841502,0.415323,0.927176,6.711566,1.936712,5.759991,4.084152,0.418511,2.241557
2011-04-18,0.147914,0.836784,2.722699,1.10934,1.62833,0.243151,1.188325,0.280822,4.414782,2.808685,1.884719,0.848574,0.422298,0.933399,6.559186,1.956677,5.668115,4.075916,0.418511,2.262905
2011-04-25,0.144185,0.896555,2.683239,1.095026,1.717242,0.22473,1.163042,0.30747,4.348767,2.808685,1.850607,0.862717,0.415323,0.920953,6.72295,1.923401,5.512629,3.985341,0.37201,2.227325
2011-05-02,0.140456,0.836784,2.588537,1.071439,1.675358,0.208472,1.171469,0.282872,4.224988,2.772848,1.79091,0.799073,0.397872,0.927372,6.434321,1.942995,5.307673,4.025326,0.37201,2.238498
2011-05-09,0.146671,0.778095,2.525402,1.086017,1.705276,0.220053,1.213709,0.291071,4.434171,2.795246,1.79091,0.845229,0.415323,0.939992,6.666626,1.915629,5.385416,4.117765,0.37201,2.289374
2011-05-16,0.149157,0.957655,2.524225,1.086017,1.645441,0.223914,1.205162,0.30592,4.550205,2.759409,1.739741,0.816083,0.401364,0.939992,6.701828,1.908787,5.378725,4.193398,0.37201,2.318445
2011-05-23,0.144185,1.017509,2.500108,1.049573,1.675035,0.220053,1.188068,0.30592,4.467324,2.705655,1.705629,0.772364,0.411831,0.939992,6.589195,1.92247,5.336093,4.134573,0.325508,2.318445
2011-05-30,0.146865,1.017509,2.451875,1.056862,1.687217,0.254799,1.239351,0.301549,4.434171,2.701175,1.6971,0.786937,0.408339,0.939992,6.645512,1.936153,5.336093,4.184994,0.325508,2.325713
2011-06-06,0.145588,0.897802,2.379524,1.020418,1.668944,0.250938,1.247898,0.273142,4.434171,2.560452,1.65446,0.735932,0.390888,0.914754,6.518795,1.92247,5.279251,4.142976,0.325508,2.362051
2011-06-13,0.143034,0.897802,2.210707,0.983975,1.620216,0.247078,1.222256,0.268772,4.508765,2.465453,1.577706,0.728646,0.36297,0.921063,6.356884,1.895104,5.058985,4.075747,0.325508,2.362051
2011-06-20,0.149419,0.897802,2.347369,1.034996,1.662853,0.254799,1.205162,0.268772,4.392731,2.574024,1.637403,0.735932,0.373437,0.946301,6.455436,1.901945,5.193987,4.084151,0.325508,2.398391
2011-06-27,0.149419,0.837948,2.33933,1.071439,1.675035,0.247078,1.188068,0.268772,4.533629,2.646404,1.637403,0.735932,0.373437,0.971532,6.659591,1.901945,5.385831,4.168188,0.325508,2.492873
2011-07-04,0.145588,0.86189,2.467953,1.045929,1.70549,0.243217,1.192341,0.266587,4.616512,2.723308,1.611819,0.68857,0.376929,0.971532,6.659591,1.901945,5.456884,4.142976,0.334809,2.543748
2011-07-11,0.136648,0.837948,2.347369,1.031351,1.681126,0.227775,1.175247,0.266587,4.608223,2.601166,1.594763,0.663068,0.366462,0.958913,6.610312,1.854055,5.179775,4.168188,0.39061,2.689105
2011-07-18,0.137926,0.802036,2.371486,1.042284,1.742036,0.231635,1.188068,0.262217,4.790563,2.745927,1.564914,0.67764,0.376929,0.984151,6.955262,1.881421,5.293463,4.227012,0.37201,2.73998
2011-07-25,0.136648,0.814007,2.331291,1.045929,1.717673,0.235496,1.209435,0.257847,4.881732,2.714261,1.620347,0.673997,0.380421,0.971532,7.004535,1.901945,5.307672,4.336259,0.37201,2.718177
2011-08-01,0.125155,0.742183,2.146395,0.991264,1.717673,0.227775,1.149605,0.257847,4.624798,2.546881,1.51801,0.615705,0.36297,0.930524,6.63847,1.847213,5.080302,4.100958,0.37201,2.507409
2011-08-08,0.097059,0.682329,2.066006,0.918377,1.632398,0.216193,1.111142,0.240365,4.318138,2.488072,1.471105,0.561057,0.317601,0.913718,6.39912,1.737749,4.860038,3.84885,0.316208,2.572819
2011-08-15,0.086842,0.622476,1.921306,0.951176,1.632398,0.204611,1.064133,0.253476,4.16895,2.46093,1.300542,0.520982,0.296658,0.907334,6.159774,1.724066,4.739246,3.832043,0.288307,2.53648
2011-08-22,0.087902,0.598535,2.001694,1.011883,1.774177,0.19689,1.094048,0.240365,4.284985,2.578547,1.30907,0.520982,0.296658,0.900944,6.085904,1.641967,4.803194,3.773217,0.37201,2.587343
2011-08-29,0.097225,0.622476,2.041889,1.019323,1.774177,0.208472,1.145596,0.246921,4.310643,2.578547,1.377295,0.455404,0.328068,0.932889,6.243422,1.669107,4.881352,3.924483,0.39991,2.483552
2011-09-05,0.095893,0.598535,2.122278,1.011883,1.755567,0.208472,1.136983,0.246921,4.310643,2.601166,1.449784,0.429901,0.317601,0.95206,6.064421,1.662153,4.895564,3.840447,0.418511,2.513207
2011-09-12,0.091898,0.598535,2.041889,0.989562,1.774177,0.208472,1.149903,0.249106,4.369008,2.646404,1.436992,0.437187,0.289674,0.916916,6.071584,1.669107,4.888458,3.815236,0.474312,2.513207
2011-09-19,0.08657,0.562622,2.03385,0.978402,1.811398,0.20075,1.080995,0.240365,4.243941,2.578547,1.394351,0.411685,0.293166,0.907334,5.849625,1.627379,4.753458,3.537917,0.437111,2.483552
2011-09-26,0.075916,0.562622,1.985617,0.974681,1.774177,0.185308,1.063768,0.246921,4.394021,2.619261,1.313334,0.386182,0.286191,0.933403,5.820988,1.557834,4.710825,3.495899,0.39061,2.409416
2011-10-03,0.075916,0.598535,1.945422,0.974681,1.761771,0.185308,1.050848,0.240365,3.968793,2.483548,1.28775,0.382539,0.279207,0.946368,5.649149,1.571743,4.38398,3.252194,0.39991,2.446484
2011-10-10,0.085238,0.550652,2.025812,1.004443,1.767974,0.20075,1.119756,0.235995,4.160562,2.709736,1.381559,0.397112,0.303642,0.952851,5.942703,1.571743,4.440823,3.470688,0.446411,2.483552
2011-10-17,0.081243,0.550652,1.969539,0.989562,1.749364,0.216193,1.171437,0.23818,4.177238,2.678071,1.364503,0.426258,0.303642,0.952851,5.763711,1.571743,4.520726,3.462285,0.427811,2.483552
2011-10-24,0.09323,0.586564,2.210707,1.034204,1.774177,0.235496,1.240345,0.242591,4.502412,2.818307,1.522274,0.418971,0.314109,0.969054,6.157499,1.620425,4.950233,3.756411,0.409211,2.52062
2011-10-31,0.08657,0.550652,2.194629,1.056525,1.780381,0.212332,1.231731,0.242591,4.58579,2.764022,1.471105,0.480906,0.303642,0.933403,6.107385,1.599561,4.72456,3.764814,0.427811,2.505793
2011-11-07,0.103884,0.574593,2.162473,1.037924,1.786584,0.212332,1.248959,0.23818,4.293968,2.809259,1.360239,0.524625,0.293166,0.94313,5.921229,1.564788,4.702406,3.7312,0.409211,2.550274
2011-11-14,0.109212,0.550652,2.106201,1.041644,1.749364,0.220053,1.296333,0.247002,4.31898,2.813784,1.313334,0.469976,0.30015,0.946368,5.835307,1.564788,4.541265,3.613549,0.409211,2.557688
2011-11-21,0.090566,0.538681,1.953461,1.037924,1.811183,0.216193,1.279106,0.247002,4.152225,2.782117,1.249373,0.45176,0.282699,0.939885,5.584711,1.53697,4.394771,3.579935,0.38131,2.52062
2011-11-28,0.097227,0.598535,2.11424,1.049085,1.804873,0.204611,1.287719,0.251412,4.302305,2.908782,1.338919,0.440831,0.286191,0.939885,5.871107,1.516106,4.614509,3.571531,0.38131,2.565101
2011-12-05,0.102783,0.550652,1.88915,1.056525,1.804873,0.193029,1.283412,0.271261,4.202251,2.682594,1.296278,0.466333,0.286191,0.975537,5.699271,1.530015,4.460693,3.252194,0.362709,2.661478
2011-12-12,0.100005,0.538681,1.848955,1.049085,1.792251,0.193029,1.274799,0.275672,4.1689,2.777593,1.292014,0.444474,0.293166,0.94313,5.71359,1.495242,4.431395,3.437074,0.334809,2.668892
2011-12-19,0.101394,0.51474,1.840916,1.049085,1.830115,0.20075,1.30064,0.26685,4.193913,2.854497,1.30907,0.440831,0.282699,0.933403,5.649149,1.44656,4.460693,3.445477,0.325508,2.668892
2011-12-26,0.105561,0.538681,1.776604,1.052805,1.836427,0.20075,1.30064,0.222743,4.1689,2.804736,1.28775,0.440831,0.282699,0.933403,5.606194,1.460469,4.489991,3.361441,0.353409,2.676306
2012-01-02,0.111117,0.51474,1.832877,1.063965,1.830115,0.169866,1.335093,0.282235,4.252277,2.872592,1.334654,0.46269,0.293166,0.94313,5.71359,1.495242,4.497316,3.445477,0.344109,2.654065
2012-01-09,0.118062,0.52671,1.929344,1.075126,1.836427,0.169866,1.382468,0.279295,4.293968,2.926877,1.313334,0.466333,0.286191,0.94313,5.84247,1.550879,4.570563,3.479092,0.353409,2.646651
2012-01-16,0.127785,0.562622,2.03385,1.078846,1.741765,0.189169,1.395388,0.276355,4.427372,2.904259,1.360239,0.477263,0.293166,0.959333,5.921229,1.557834,4.702406,3.504303,0.353409,2.743028
2012-01-23,0.130563,0.586564,2.130318,1.071406,1.748076,0.177587,1.429842,0.293995,4.544101,3.076163,1.390087,0.488193,0.307125,0.946368,6.150343,1.571743,4.812275,3.579935,0.353409,2.780096
2012-01-30,0.133341,0.634447,2.130318,1.086286,1.792251,0.189169,1.481523,0.291055,4.710857,3.012829,1.385823,0.499122,0.349011,0.938378,6.214783,1.669107,4.907496,3.748007,0.39061,2.817163
2012-02-06,0.131951,0.646417,2.299135,1.097447,1.817494,0.193029,1.563352,0.279295,4.652492,3.001777,1.436992,0.517338,0.342027,0.928632,6.300698,1.683016,5.291691,3.916078,0.38131,2.965435
2012-02-13,0.130563,0.658388,2.323252,1.119768,1.817494,0.19689,1.533204,0.276355,4.919302,2.978757,1.436992,0.619349,0.335052,0.928632,6.3365,1.689971,5.269581,4.067344,0.37201,3.024744
2012-02-20,0.137507,0.658388,2.49207,1.123488,1.842737,0.193029,1.528897,0.285175,4.268953,3.038609,1.394351,0.666711,0.338535,0.961106,6.436741,1.710835,5.276951,4.025326,0.353409,3.128534
2012-02-27,0.134729,0.610505,2.467953,1.138368,1.830115,0.189169,1.554738,0.285175,4.21059,3.047816,1.373031,0.641208,0.33156,0.983833,6.443897,1.70388,5.306431,4.03373,0.344109,3.121121
2012-03-05,0.141674,0.598535,2.363446,1.142088,1.842737,0.189169,1.584885,0.291055,4.127211,3.057024,1.355975,0.641208,0.33156,0.977339,6.300698,1.689971,5.041109,3.966501,0.325508,3.135948
2012-03-12,0.133341,0.550652,2.467953,1.127208,1.924777,0.193029,1.627953,0.293995,4.118874,3.07544,1.407144,0.714073,0.338535,0.98059,6.443897,1.696926,5.254841,4.008519,0.334809,3.121121
2012-03-19,0.131951,0.562622,2.459914,1.130928,1.924777,0.193029,1.619339,0.323394,4.118874,3.185935,1.483897,0.743218,0.397872,0.993572,6.365139,1.724744,5.14429,3.966501,0.325508,3.121121
2012-03-26,0.133341,0.52671,2.508147,1.160689,1.956331,0.19689,1.64518,0.323394,4.085523,3.084648,1.454048,0.717716,0.436257,0.987078,6.386621,1.766472,5.11481,3.983308,0.325508,3.173016
2012-04-02,0.133341,0.52671,2.459914,1.130928,1.975263,0.19689,1.67102,0.314574,4.01882,3.05242,1.436992,0.695857,0.422298,0.987078,6.315018,1.738654,4.98952,3.94129,0.334809,3.173016
2012-04-09,0.134729,0.574593,2.371486,1.134648,2.000506,0.181448,1.714088,0.317514,4.01882,3.103063,1.436992,0.684927,0.402055,0.993572,6.322179,1.731699,4.960039,3.932886,0.344109,3.20267
2012-04-16,0.136118,0.574593,2.363446,1.130928,2.019438,0.185308,1.6581,0.320454,4.052171,3.130687,1.458313,0.670354,0.397872,1.013056,6.379457,1.731699,5.011629,3.958097,0.344109,3.224911
2012-04-23,0.130563,0.634447,2.363446,1.145809,2.071036,0.20075,1.636566,0.314574,4.052171,3.25039,1.475369,0.655781,0.376929,1.022795,6.408096,1.710835,4.98952,3.815236,0.344109,3.187844
2012-04-30,0.104172,0.598535,2.363446,1.104887,2.045389,0.173726,1.619339,0.308695,4.102198,3.25039,1.488161,0.658676,0.364361,1.055269,6.527986,1.71779,4.945299,3.992441,0.353409,3.158189
2012-05-07,0.103543,0.538681,2.194629,1.121639,2.077448,0.18976,1.438456,0.308695,3.473559,3.153708,1.385823,0.580084,0.368553,1.075605,6.513416,1.627379,4.781932,3.855065,0.325508,3.244432
2012-05-14,0.114047,0.51474,2.051603,1.125441,2.097087,0.18976,1.445614,0.296589,3.179901,2.951134,1.312436,0.538917,0.351803,1.069005,6.134561,1.617166,4.596585,3.683348,0.297608,3.18407
2012-05-21,0.117048,0.538681,1.994158,1.121639,2.090575,0.173947,1.388837,0.290536,3.11278,2.978757,1.282413,0.553886,0.351803,1.072309,6.200133,1.609979,4.648482,3.59749,0.306908,3.16898
2012-05-28,0.118549,0.502769,2.051603,1.102628,2.116626,0.185807,1.463083,0.296589,3.020486,2.92351,1.278124,0.512719,0.351803,1.085507,6.017988,1.602791,4.537275,3.649004,0.306908,3.15389
2012-06-04,0.115547,0.490798,2.133667,1.110232,2.110112,0.181854,1.463083,0.290536,2.903023,3.010773,1.230945,0.523947,0.355986,1.078908,6.010698,1.595604,4.544688,3.760622,0.306908,3.093528
2012-06-11,0.118549,0.454886,2.191112,1.117837,2.116626,0.181854,1.493655,0.28751,2.928194,3.150161,1.248101,0.557629,0.351803,1.111899,6.33856,1.638728,4.633654,4.224259,0.344109,3.093528
2012-06-18,0.118549,0.502769,2.166493,1.133045,2.155701,0.173947,1.458716,0.293563,3.037266,3.159454,1.230945,0.546402,0.364361,1.095403,6.34584,1.710603,4.678137,4.086885,0.325508,3.093528
2012-06-25,0.12155,0.478828,2.215731,1.174869,2.22734,0.173947,1.677086,0.293563,3.028877,3.252379,1.2095,0.606281,0.368553,1.0987,6.404131,1.703415,4.678137,4.232845,0.325508,3.101074
2012-07-02,0.124551,0.538681,2.445511,1.19388,2.27293,0.173947,1.73823,0.299615,3.070827,3.46146,1.205211,0.621251,0.376929,1.121801,6.564418,1.724977,4.811588,4.361634,0.325508,3.16898
2012-07-09,0.118549,0.538681,2.420892,1.228099,2.331545,0.193714,1.773169,0.311721,2.978534,3.619433,1.175188,0.591311,0.402055,1.148193,6.629982,1.724977,4.819,4.395977,0.334809,3.214252
2012-07-16,0.121745,0.502769,2.420892,1.24711,2.403184,0.16604,1.808109,0.299615,3.003706,3.531154,1.132298,0.546402,0.393679,1.161392,6.935983,1.746539,5.004347,4.378806,0.325508,3.297248
2012-07-23,0.118623,0.454886,2.445511,1.243308,2.396671,0.158134,1.685821,0.296589,2.751999,3.902855,1.050807,0.546402,0.393679,1.194383,6.855842,1.724977,4.930209,4.404564,0.316208,3.244432
2012-07-30,0.126428,0.478828,2.5604,1.292736,2.500874,0.158134,1.698923,0.293563,2.718437,3.786699,1.12372,0.624993,0.389496,1.164688,6.848559,1.739352,4.959864,4.524766,0.325508,3.319884
2012-08-06,0.120184,0.442916,2.453717,1.250913,2.364108,0.158134,1.677086,0.302642,2.751999,3.98184,1.097986,0.677388,0.393679,1.175033,6.819417,1.696227,5.108141,4.679311,0.316208,3.395336
2012-08-13,0.124867,0.407003,2.486543,1.292736,2.325032,0.162087,1.843048,0.302642,2.676486,3.902855,1.16661,0.6961,0.397872,1.178385,6.955064,1.753727,5.152624,4.670726,0.306908,3.440608
2012-08-20,0.123306,0.407003,2.511162,1.299765,2.369482,0.162087,1.895457,0.3208,2.668096,3.926086,1.179477,0.688616,0.393679,1.201818,6.873502,1.753727,5.14521,4.619211,0.316208,3.498015
2012-08-27,0.126428,0.407003,2.47013,1.295897,2.382682,0.169994,1.816843,0.302642,2.642558,3.814576,1.170899,0.677388,0.389496,1.195122,6.888329,1.732164,5.219349,4.524766,0.316208,3.643764
2012-09-03,0.127988,0.51474,2.527575,1.299765,2.455286,0.169994,1.809946,0.302642,2.625673,3.893562,1.153743,0.688616,0.397872,1.205162,6.932817,1.753847,5.20452,4.584867,0.306908,3.682121
2012-09-10,0.127988,0.418974,2.609639,1.276555,2.455286,0.162087,1.906594,0.302642,2.735428,4.167691,1.183766,0.748495,0.42719,1.198473,6.932817,1.790385,5.219349,4.8081,0.325508,3.797187
2012-09-17,0.137353,0.418974,2.601433,1.315239,2.468486,0.158134,1.880235,0.308695,2.74387,4.153751,1.205211,0.808375,0.439749,1.198473,6.932817,1.790385,5.389868,5.125778,0.316208,3.758832
2012-09-24,0.135793,0.430945,2.609639,1.326844,2.455286,0.150227,1.853876,0.308695,2.74387,4.125875,1.175188,0.774693,0.443941,1.211858,6.925398,1.783078,5.189693,4.919718,0.325508,3.75116
2012-10-01,0.137353,0.407003,2.708116,1.322976,2.475086,0.158134,1.726478,0.314747,2.667886,4.125875,1.16661,0.752238,0.460692,1.231947,7.036626,1.805001,5.262567,4.971232,0.334809,3.743489
2012-10-08,0.13111,0.454886,2.593226,1.268819,2.428884,0.15418,1.708905,0.308695,2.676329,4.130521,1.12372,0.699843,0.435566,1.225251,6.888329,1.805001,5.12627,4.893959,0.334809,3.720476
2012-10-15,0.134434,0.418974,2.683496,1.264951,2.415684,0.15418,1.792374,0.308695,2.7101,4.316372,1.140876,0.628736,0.439749,1.262076,6.843835,1.805001,5.148985,4.962647,0.334809,3.682121
2012-10-22,0.134434,0.478828,2.732735,1.284292,2.435484,0.16604,1.80116,0.308695,2.659444,4.288493,1.132298,0.572599,0.431373,1.318989,6.806767,1.805001,5.141414,4.936889,0.325508,3.682121
2012-10-29,0.131195,0.395033,2.716322,1.280424,2.409083,0.158134,1.783587,0.314807,2.625673,4.251323,1.128009,0.587569,0.42719,1.318989,6.747444,1.797693,5.103419,4.842444,0.325508,3.766501
2012-11-05,0.132814,0.395033,2.806593,1.24174,2.395884,0.162087,1.809946,0.305638,2.676329,4.269908,1.059385,0.602539,0.422998,1.333776,6.747444,1.805001,5.103419,4.730828,0.316208,3.743489
2012-11-12,0.132814,0.383062,2.699909,1.230135,2.428524,0.158134,1.80116,0.311751,2.667886,4.311724,1.046518,0.576341,0.414622,1.333776,6.621395,1.797693,4.989163,4.524766,0.334809,3.689791
2012-11-19,0.134434,0.418974,2.798387,1.284292,2.428524,0.150227,1.774801,0.302582,2.659444,4.362833,1.046518,0.617509,0.418815,1.347353,6.777111,1.797693,5.0501,4.66214,0.353409,3.682121
2012-11-26,0.131195,0.407003,2.896863,1.330712,2.495426,0.151808,1.871449,0.317864,2.693215,4.376773,1.097986,0.613766,0.422998,1.347353,6.977305,1.797693,5.248143,4.99699,0.325508,3.643764
2012-12-03,0.137946,0.395033,3.028166,1.353922,2.542257,0.150227,1.818732,0.317864,2.676329,4.390711,1.067963,0.624993,0.452316,1.347353,7.118189,1.812308,5.309079,5.014162,0.325508,3.666778
2012-12-10,0.139629,0.383062,3.085611,1.384869,2.582398,0.150227,1.783587,0.317864,2.659444,4.446466,1.175188,0.617509,0.477442,1.343955,7.251651,1.856155,5.331929,4.988404,0.353409,3.682121
2012-12-17,0.137946,0.383062,3.003547,1.350054,2.522187,0.150227,1.735264,0.327033,2.726985,4.506867,1.162321,0.572599,0.473259,1.326988,7.207164,1.856155,5.316696,5.065677,0.38131,3.682121
2012-12-24,0.141311,0.418974,3.077404,1.388738,2.522187,0.146274,1.757229,0.323976,2.845183,4.492929,1.192344,0.583826,0.49001,1.357532,7.296145,1.856155,5.339547,5.160122,0.39991,3.75116
2012-12-31,0.142993,0.466857,3.118436,1.392606,2.522187,0.152599,1.818732,0.323976,3.030922,4.47899,1.256679,0.591311,0.481635,1.347353,7.296145,1.892693,5.408099,5.177294,0.418511,3.689791
2013-01-07,0.154769,0.586564,3.192294,1.435158,2.562327,0.158134,1.748443,0.333146,3.022479,4.520806,1.25239,0.568856,0.515136,1.357532,7.229411,1.921924,5.514739,5.357598,0.39991,3.720476
2013-01-14,0.146358,0.52671,3.175881,1.435158,2.595778,0.152599,1.621044,0.336202,3.106906,4.451112,1.243812,0.531432,0.502568,1.371109,7.147848,1.943847,5.674697,5.28891,0.409211,3.766501
2013-01-21,0.154769,0.478828,3.266152,1.4545,2.629229,0.154971,1.669368,0.333146,3.241988,4.437174,1.243812,0.531432,0.506761,1.354141,7.221992,1.951155,5.865123,5.297497,0.427811,3.850884
2013-01-28,0.153087,0.51474,3.266152,1.481578,2.629229,0.169994,1.713298,0.333146,3.241988,4.381419,1.308147,0.527689,0.515136,1.320199,7.281309,1.96577,5.933677,5.409113,0.427811,3.89691
2013-02-04,0.154769,0.502769,3.167675,1.473841,2.629229,0.16604,1.735264,0.342315,3.106906,4.441879,1.372483,0.516462,0.536079,1.353474,7.325803,1.951155,5.949347,5.426284,0.446411,3.850884
2013-02-11,0.154769,0.490798,3.208707,1.462236,2.736271,0.16604,1.735264,0.342315,3.09002,4.441879,1.355326,0.527689,0.540262,1.401565,7.407366,1.958463,5.972318,5.349012,0.483612,3.88924
2013-02-18,0.154769,0.550652,3.208707,1.489314,2.736271,0.162087,1.68694,0.366766,3.064692,4.441879,1.333881,0.520204,0.536079,1.387823,7.414776,1.943847,5.796211,5.477801,0.465012,3.89691
2013-02-25,0.149722,0.550652,3.167675,1.50092,2.809863,0.158134,1.713298,0.366766,2.96338,4.441879,1.333881,0.508977,0.523512,1.387823,7.451852,1.973078,5.803868,5.555073,0.474312,3.873898
2013-03-04,0.149722,0.478828,2.970721,1.4545,2.796483,0.158134,1.62983,0.360653,2.895838,4.441879,1.312436,0.501492,0.515136,1.442785,7.637218,1.96577,5.903406,5.743963,0.427811,3.873898
2013-03-11,0.149722,0.490798,2.79018,1.477709,2.776413,0.158134,1.616651,0.360653,2.802969,4.441879,1.265257,0.516462,0.506761,1.463399,7.815171,2.016924,5.880436,5.804065,0.409211,3.904582
2013-03-18,0.153087,0.490798,2.880451,1.485446,2.836624,0.151808,1.708905,0.360653,2.895838,4.441879,1.248101,0.523947,0.519328,1.456527,7.533416,1.980386,5.819182,6.044469,0.418511,3.812529
2013-03-25,0.151405,0.466857,2.896863,1.477709,2.910215,0.155762,1.607864,0.360653,2.912724,4.441879,1.282413,0.531432,0.582148,1.47027,7.896765,2.031539,5.89575,5.992954,0.418511,3.935265
2013-04-01,0.154769,0.478828,2.864038,1.489314,2.903526,0.156552,1.625437,0.369822,2.862068,4.441879,1.243812,0.527689,0.565398,1.463399,7.904176,2.024232,5.796211,5.984368,0.39991,3.835542
2013-04-08,0.158134,0.478828,2.913276,1.485446,2.950356,0.151808,1.638616,0.363709,2.819854,4.441879,1.235234,0.523947,0.577956,1.477141,7.881869,2.038847,5.89575,6.10457,0.39061,3.89691
2013-04-15,0.159816,0.430945,2.880451,1.489314,3.030638,0.152599,1.563934,0.360653,2.819854,4.441879,1.196633,0.520204,0.569581,1.573324,8.007925,2.024232,5.911064,6.044469,0.39991,3.866225
2013-04-22,0.158134,0.442916,2.995341,1.508657,3.092142,0.158134,1.520003,0.375935,2.845183,3.849001,1.303858,0.523947,0.573773,1.580195,8.178523,2.038847,5.773239,5.992954,0.39061,3.88924
2013-04-29,0.158134,0.454886,3.011753,1.512525,3.186869,0.151018,1.449714,0.372878,2.777642,4.070153,1.273835,0.565114,0.573773,1.612892,8.007925,1.973078,5.78022,6.298106,0.38131,3.850884
2013-05-06,0.159816,0.418974,3.194805,1.559013,3.125973,0.162188,1.55862,0.372878,2.913331,4.178377,1.299569,0.582586,0.569581,1.54337,8.36321,2.046155,5.926457,6.36828,0.39991,3.745193
2013-05-13,0.171071,0.51474,3.136262,1.645625,2.977117,0.162188,1.674735,0.379094,2.887775,4.281896,1.304032,0.632087,0.608959,1.564229,8.41592,2.046155,5.98803,6.403368,0.409211,3.799697
2013-05-20,0.176473,0.634447,3.060992,1.515707,2.913996,0.162188,1.656871,0.401743,2.845183,4.272486,1.273806,0.628279,0.592036,1.459943,8.182405,2.023587,5.8264,6.245476,0.409211,3.737408
2013-05-27,0.174672,0.718241,2.893724,1.49996,2.742987,0.162188,1.697065,0.398477,2.777035,4.170964,1.252216,0.64351,0.604726,1.41128,7.78307,2.046155,5.695556,5.868292,0.409211,3.729621
2013-06-03,0.180074,0.730212,2.743184,1.460591,2.797709,0.162188,1.647939,0.395211,2.683331,4.170964,1.217672,0.620664,0.587812,1.41128,7.632373,2.016064,5.510836,5.666541,0.39991,3.729621
2013-06-10,0.172871,0.754153,2.693004,1.381853,2.756667,0.166243,1.647939,0.40501,2.666294,4.057597,1.22199,0.563547,0.579355,1.376515,7.647441,1.940838,5.580104,5.482335,0.38131,3.714049
2013-06-17,0.189078,0.742183,2.550827,1.417285,2.770349,0.170298,1.630075,0.391945,2.768516,4.005637,1.174493,0.548316,0.570898,1.303521,7.526895,1.940838,5.526228,5.350759,0.39991,3.620613
2013-06-24,0.181875,0.730212,2.575917,1.444843,2.859272,0.162188,1.585416,0.401743,2.683331,4.052873,1.139949,0.563547,0.583579,1.300048,7.534425,1.91827,5.410779,5.894607,0.37201,3.659545
2013-07-01,0.183676,0.706271,2.55919,1.452717,2.838752,0.162188,1.549688,0.401743,2.674813,4.137898,1.178811,0.540701,0.587812,1.317426,7.459085,2.008542,5.541622,5.894607,0.427811,3.66733
2013-07-08,0.180074,0.730212,2.642823,1.511771,2.872953,0.162188,1.554154,0.388678,2.657775,4.147346,1.165857,0.548316,0.583579,1.352184,7.81319,1.993497,5.710949,6.01741,0.446411,3.721835
2013-07-15,0.185766,0.706271,2.617733,1.539329,2.866113,0.158134,1.53629,0.391945,2.666294,4.175688,1.170175,0.567355,0.587812,1.300048,7.79813,2.001019,5.734039,5.982324,0.502213,3.675117
2013-07-22,0.183908,0.706271,2.726457,1.570824,2.927677,0.158134,1.531824,0.401743,2.691849,2.72081,1.183128,0.632087,0.583579,1.366089,7.941282,2.008542,5.8264,6.034954,0.492913,3.690689
2013-07-29,0.187623,0.754153,2.75991,1.570824,3.00292,0.158944,1.51396,0.395211,2.717405,4.183198,1.152903,0.616856,0.596269,1.334805,8.091964,2.008542,5.89567,5.947237,0.465012,3.682904
2013-08-05,0.189481,0.718241,2.701367,1.555077,2.955037,0.170298,1.509494,0.40501,2.691849,4.168178,1.178811,0.590201,0.592036,1.333306,8.091964,2.023587,5.811007,5.833204,0.446411,3.706263
2013-08-12,0.191339,0.706271,2.676277,1.531455,2.852432,0.186516,1.518426,0.40501,2.63222,4.228259,1.2004,0.578778,0.587812,1.319203,7.948812,2.03111,5.811007,5.543737,0.483612,3.620613
2013-08-19,0.191339,0.718241,2.58428,1.43697,2.885677,0.186516,1.518426,0.401743,2.619201,4.168178,1.165857,0.574971,0.579355,1.245125,7.682323,1.970928,5.618588,5.570052,0.502213,3.689897
2013-08-26,0.189481,0.6943,2.550827,1.475716,2.906437,0.186516,1.634541,0.388678,2.705076,4.26581,1.135631,0.555932,0.566665,1.262767,7.575089,1.954971,5.5955,5.613911,0.483612,3.737407
2013-09-02,0.191339,0.756,2.475556,1.483714,2.857998,0.202735,1.71796,0.398477,2.662138,4.160666,1.152903,0.571163,0.562441,1.269815,7.575089,1.977881,5.657073,5.456019,0.502213,3.761162
2013-09-09,0.193196,1.74,2.575917,1.507709,2.871837,0.210845,1.731452,0.401743,2.756601,4.145646,1.252216,0.567355,0.575122,1.287457,7.728278,1.985518,5.75713,5.447248,0.520813,3.776999
2013-09-16,0.195054,1.74,2.642823,1.567698,2.982559,0.210845,1.771927,0.401743,2.730839,4.198218,1.252216,0.555932,0.608959,1.322727,7.981006,1.886242,5.87258,5.65777,0.716118,3.879936
2013-09-23,0.193196,1.596,2.651187,1.563698,2.982559,0.214899,1.71796,0.398477,2.790951,4.205728,1.26517,0.555932,0.604726,1.301561,8.00405,1.993154,5.641679,5.578824,0.725419,3.840344
2013-09-30,0.200627,1.104,2.55919,1.531705,2.996399,0.20679,1.708965,0.398477,2.782364,4.160666,1.230626,0.544508,0.600493,1.298036,7.804868,2.008428,5.693219,5.333215,0.669617,3.800753
2013-10-07,0.200627,1.236,2.642823,1.527705,3.010239,0.202735,1.699971,0.398477,2.799539,4.153158,1.26517,0.517854,0.604726,1.298036,7.827847,2.000791,5.724675,5.543737,0.678917,3.816591
2013-10-14,0.218144,1.128,2.65955,1.527705,3.09328,0.20679,1.650501,0.395131,2.842476,4.190707,1.269488,0.506431,0.613182,1.301561,7.981006,2.000791,5.8269,5.666541,0.669617,3.848262
2013-10-21,0.214317,1.236,2.617733,1.531705,3.09328,0.194626,1.699971,0.401717,2.962703,4.26581,1.291078,0.52547,0.608959,1.315671,7.965696,2.016064,5.8269,5.605139,0.678917,3.879936
2013-10-28,0.214317,1.152,2.601007,1.523706,3.07252,0.194626,1.888856,0.405037,2.962703,4.378463,1.304032,0.468354,0.604726,1.294512,7.935075,2.031337,5.826647,5.771802,0.632416,3.887853
2013-11-04,0.214317,1.404,2.55919,1.511708,2.968719,0.202735,1.879862,0.401717,2.902589,4.333402,1.260852,0.472161,0.600493,1.30833,7.958041,2.054247,5.731775,5.578824,0.595215,3.879936
2013-11-11,0.218144,1.284,2.567553,1.511708,2.975639,0.223009,2.023774,0.405037,3.048578,4.348423,1.24358,0.460738,0.604726,1.297571,8.065289,2.054247,5.747587,5.631455,0.604515,3.879936
2013-11-18,0.221971,1.26,2.5341,1.551701,2.989317,0.223009,2.01478,0.398397,3.048578,4.310872,1.239262,0.472161,0.596269,1.283239,8.011704,2.054247,5.700152,5.394618,0.585915,3.895772
2013-11-25,0.225798,1.332,2.5341,1.571697,2.975316,0.227064,2.01478,0.398397,3.022815,4.295851,1.269488,0.464546,0.596269,1.2689,7.996393,2.016064,5.715964,5.447248,0.623116,3.943282
2013-12-02,0.220057,1.248,2.525736,1.567698,2.91931,0.223009,1.969807,0.401717,2.988465,4.288341,1.282442,0.45693,0.579355,1.276069,7.697641,1.993154,5.573658,5.289357,0.623116,3.919527
2013-12-09,0.225992,1.272,2.475556,1.547701,2.835301,0.218954,1.861873,0.398397,2.902589,4.26581,1.256534,0.411237,0.579355,1.25456,7.544453,2.046611,5.526222,5.289357,0.678917,3.840344
2013-12-16,0.222062,1.284,2.475556,1.579695,2.91931,0.218954,1.807905,0.405037,2.868239,4.28083,1.26517,0.411237,0.592036,1.26173,7.651688,2.061884,5.613188,5.306901,0.76262,3.919527
2013-12-23,0.227957,1.404,2.5341,1.595692,3.003319,0.223009,1.888856,0.405037,2.919764,4.791526,1.269488,0.430276,0.592036,1.2689,7.797213,2.107703,5.755494,5.412161,0.744019,3.919527
2013-12-30,0.229922,1.392,2.492283,1.60769,2.968315,0.218954,1.933829,0.414997,2.876827,2.651111,1.273806,0.449315,0.583579,1.26173,7.67466,2.11534,5.676435,5.315672,1.106728,3.919527
2014-01-06,0.227957,1.476,2.475556,1.599691,3.017321,0.231118,1.861873,0.411677,2.876827,2.60605,1.282442,0.453122,0.596269,1.2689,7.467863,2.130613,5.58947,5.368302,1.116029,4.054136
2014-01-13,0.231888,1.476,2.442103,1.5557,2.933312,0.251392,1.798911,0.411677,2.808127,2.61356,1.269488,0.453122,0.596269,1.2689,7.437219,2.100067,5.597376,5.245498,1.069527,4.077891
2014-01-20,0.235818,1.44,2.366832,1.539703,2.975316,0.243282,1.834889,0.398397,2.748013,2.61356,1.234944,0.441699,0.583579,1.265311,7.276376,2.100067,5.494598,5.227954,1.060227,4.315439
2014-01-27,0.231888,1.308,2.308288,1.547701,2.989317,0.235173,1.789916,0.398397,2.679313,2.62107,1.191764,0.407429,0.566665,1.218719,7.123187,2.077157,5.415541,5.149009,1.023026,4.315439
2014-02-03,0.227957,1.272,2.358469,1.535704,2.968315,0.239228,1.798911,0.405037,2.773776,2.530947,1.2004,0.399814,0.570898,1.221703,7.123187,2.038974,5.398955,5.070064,1.023026,4.450049
2014-02-10,0.239748,1.272,2.408649,1.551701,2.940312,0.263556,1.879862,0.398397,2.748013,2.55833,1.2004,0.418853,0.570898,1.232609,7.184467,2.046611,5.414859,5.05252,1.097428,4.545067
2014-02-17,0.245644,1.356,2.400285,1.559699,2.891307,0.263556,1.978802,0.398397,2.894002,2.573882,1.174493,0.407429,0.583579,1.265333,7.391265,2.038974,5.526176,5.20164,1.15323,4.568822
2014-02-24,0.257434,1.284,2.383559,1.543702,2.926311,0.267611,1.987796,0.398397,2.962703,2.643866,1.161539,0.411237,0.596269,1.272606,7.32233,2.046611,5.470519,5.368302,1.143929,4.600495
2014-03-03,0.255469,1.236,2.366832,1.563698,2.891307,0.259501,2.212661,0.405037,3.022815,2.643866,1.157221,0.42266,0.621639,1.265333,7.276376,2.06952,5.438714,5.341987,1.199731,4.655924
2014-03-10,0.284947,1.248,2.299926,1.559699,2.8283,0.251392,2.167688,0.405037,2.911177,2.682747,1.135631,0.426468,0.617416,1.25806,7.138505,2.084794,5.351249,5.245498,1.264832,4.608414
2014-03-17,0.288877,1.236,2.291562,1.5557,2.8283,0.279775,2.095731,0.405037,2.945527,2.861597,1.135631,0.418853,0.613182,1.272606,7.146168,2.077157,5.335345,5.350759,1.376435,4.655924
2014-03-24,0.302633,1.26,2.358469,1.563698,2.912309,0.291939,2.11372,0.391757,2.97129,2.457241,1.148584,0.418853,0.617416,1.294424,7.284038,2.084794,5.518227,5.456019,1.283433,4.655924
2014-03-31,0.320319,1.236,2.475556,1.623687,2.933312,0.287884,2.11372,0.398397,2.997052,2.72115,1.135631,0.411237,0.621639,1.301697,7.437219,2.09243,5.589787,5.438476,1.236932,4.655924
2014-04-07,0.330145,1.224,2.442103,1.60769,2.926311,0.287884,2.11372,0.398397,2.962703,2.773818,1.135631,0.430276,0.617416,1.294424,7.36829,2.122977,5.494371,5.447248,1.18113,4.711351
2014-04-14,0.338006,1.212,2.65955,1.639683,2.905309,0.295994,2.230649,0.411677,2.962703,2.756262,1.135631,0.441699,0.6597,1.30533,7.391265,2.122977,5.54208,5.56128,1.069527,4.711351
2014-04-21,0.341936,1.236,2.70973,1.679676,2.933311,0.295994,2.257633,0.418317,3.014227,2.677261,1.152903,0.441699,0.69776,1.327149,7.36829,2.11534,5.526176,5.789345,1.116029,4.695514
2014-04-28,0.33604,1.236,2.626097,1.655681,2.954567,0.287884,2.3116,0.411677,2.851064,2.686039,1.139949,0.434084,0.67239,1.323508,7.582951,2.11534,5.565933,5.648998,1.032327,4.67176
2014-05-05,0.365518,1.212,2.633388,1.663064,2.947482,0.295314,2.185676,0.421637,2.801926,2.668483,1.148584,0.426468,0.6597,1.347776,7.747423,2.077157,5.582535,5.951753,0.818421,4.680261
2014-05-12,0.371225,1.032,2.676276,1.858718,2.926226,0.291095,2.295658,0.405037,2.793198,2.72115,1.166054,0.41946,0.691141,1.351465,7.660017,2.154659,5.534547,6.014592,0.892823,4.744484
2014-05-19,0.373265,1.02,2.753477,1.940241,2.96917,0.303751,2.241,0.438776,2.810655,2.712372,1.157352,0.431005,0.755934,1.392083,7.69974,2.138931,5.542546,6.095385,1.009076,4.736456
2014-05-26,0.385503,1.056,2.736321,1.89948,3.012203,0.329064,2.286549,0.452488,2.801926,2.677261,1.170405,0.427157,0.799135,1.414241,7.747423,2.138931,5.510553,5.924821,1.106728,4.736456
2014-06-02,0.344199,1.008,2.744899,2.046221,3.026546,0.312189,2.195451,0.438776,2.828112,2.703538,1.166054,0.44255,0.781858,1.369926,7.755364,2.138931,5.574538,6.086408,0.967225,4.768568
2014-06-09,0.285558,1.02,2.770633,1.997307,3.062406,0.316408,2.22278,0.438776,2.819384,2.694702,1.161703,0.450246,0.812097,1.394163,7.755364,2.154659,5.590532,6.059476,0.846322,4.856875
2014-06-16,0.290657,0.996,2.762055,1.97285,3.055234,0.316408,2.186341,0.435348,2.793198,2.677032,1.157352,0.446398,0.941683,1.382953,7.628233,2.154659,5.518552,5.96073,0.841672,5.057572
2014-06-23,0.283008,0.972,2.753477,2.038068,3.012203,0.320626,2.21367,0.438776,2.784469,2.694702,1.166054,0.438702,0.945998,1.409116,7.612333,2.162523,5.542546,5.853005,0.79982,5.017432
2014-06-30,0.280459,0.996,2.727744,2.046221,2.990686,0.30797,2.186341,0.438776,2.793198,2.677032,1.157352,0.44255,0.976237,1.416592,7.524927,2.170386,5.550544,5.861983,0.837021,5.218129
2014-07-07,0.27281,1.104,2.770633,2.038068,2.983514,0.312189,2.241,0.438776,2.801926,2.659362,1.153002,0.450246,0.950322,1.394163,7.46931,2.162523,5.550544,5.933798,0.809121,5.418827
2014-07-14,0.284372,1.032,2.796366,2.086982,2.96917,0.30797,2.131683,0.43192,2.801926,2.650527,1.153002,0.469488,0.928721,1.450231,7.612333,2.170386,5.558541,5.861983,0.804471,5.298409
2014-07-21,0.286981,1.092,2.856411,2.135895,3.048062,0.312189,2.149902,0.43192,2.897943,2.650527,1.161703,0.481032,0.941683,1.453966,7.739474,2.17825,5.686509,5.888914,0.823071,5.338549
2014-07-28,0.320897,1.008,2.942189,2.086982,3.026546,0.299533,2.086134,0.421637,2.84557,2.641692,1.161703,0.519515,0.90713,1.439021,7.882504,2.17825,5.734495,5.888914,0.813771,5.354603
2014-08-04,0.294808,0.96,2.873566,2.119591,2.961999,0.295314,2.004146,0.421637,2.801926,2.615186,1.109492,0.523363,0.812097,1.424918,8.025537,2.170386,5.630522,5.754259,0.757969,5.338549
2014-08-11,0.297417,0.996,2.856411,2.054373,2.918968,0.295314,1.922158,0.421637,2.784469,2.641692,1.096439,0.59648,0.859614,1.46242,8.104995,2.162523,5.766487,5.745281,0.809121,5.434883
2014-08-18,0.302634,0.996,2.890722,2.038068,2.998298,0.282658,1.87661,0.421637,2.766956,2.641692,1.079036,0.584935,0.863928,1.466166,8.271833,2.170386,5.822473,5.80812,0.827721,5.367785
2014-08-25,0.300025,0.984,2.847833,2.077382,3.012818,0.282658,1.840171,0.421637,2.77574,2.641692,1.061631,0.557998,0.859614,1.499914,8.187261,2.162523,5.822473,5.700397,0.818421,5.180727
2014-09-01,0.300025,0.972,2.882144,2.118763,3.012818,0.282658,1.833129,0.421637,2.784524,2.721207,1.061631,0.565694,0.863928,1.466166,8.131365,2.170156,5.79048,5.799143,0.809121,5.026199
2014-09-08,0.300025,0.948,2.822099,2.085658,3.012818,0.278439,1.842294,0.421637,2.802092,2.677032,1.018122,0.546453,0.868252,1.481167,8.139698,2.1542,5.838468,5.772213,0.78587,4.936737
2014-09-15,0.297417,0.912,2.813522,2.060828,2.998298,0.270001,1.833129,0.418209,2.740604,2.712372,0.974613,0.542605,0.842327,1.447419,8.223009,2.130264,5.766487,5.790166,0.748669,4.961135
2014-09-22,0.297417,0.96,2.770633,2.027723,2.991038,0.265782,1.833129,0.418209,2.73182,2.712372,1.000718,0.557998,0.82505,1.409925,8.106371,2.130264,5.798477,5.879937,0.744019,4.904203
2014-09-29,0.28959,0.912,2.684855,2.10221,2.976519,0.261564,1.814797,0.418209,2.670332,2.747713,0.965911,0.557998,0.838013,1.436172,8.114703,2.106329,5.63852,5.763236,0.744019,4.75781
2014-10-06,0.281763,0.9,2.633388,2.110487,2.954739,0.253126,1.727724,0.418209,2.670332,2.774218,0.957209,0.496425,0.816412,1.40617,8.114703,2.09835,5.65162,5.700397,0.744019,4.831007
2014-10-13,0.234875,0.936,2.539032,2.01117,2.91844,0.232032,1.677313,0.401069,2.661548,2.747713,0.926752,0.484881,0.734342,1.40617,7.956408,2.058457,5.57801,5.628581,0.76262,4.717145
2014-10-20,0.245551,0.948,2.616232,2.044276,2.991038,0.227814,1.746055,0.40104,2.749388,2.791888,0.913699,0.504122,0.755934,1.454919,8.173022,2.066436,5.708872,5.781189,0.79517,4.798474
2014-10-27,0.269572,0.924,2.719166,2.184975,2.998298,0.24047,1.906453,0.40104,2.810876,2.783053,0.957209,0.500274,0.768896,1.458666,8.239672,2.074414,5.72523,5.790166,0.804471,4.798474
2014-11-03,0.27491,0.876,2.70201,2.234633,2.998298,0.24047,1.869791,0.407954,2.802092,2.597516,0.909348,0.504122,0.777534,1.452479,8.439625,2.066436,5.758134,5.799143,0.860272,4.822874
2014-11-10,0.280248,0.852,2.787788,2.160146,2.94022,0.189845,1.787301,0.414869,2.766956,2.615186,0.909348,0.484881,0.768896,1.460085,8.531269,2.066436,6.037815,5.844028,0.911423,4.961135
2014-11-17,0.285586,0.9,2.804944,2.151869,3.034952,0.194063,1.796466,0.407954,2.854796,2.597516,0.978963,0.519515,0.760258,1.456286,8.722888,2.058457,6.037815,5.87096,0.999776,5.123796
2014-11-24,0.296262,0.78,2.847833,2.151869,3.0423,0.194063,1.778135,0.407954,2.81966,2.544506,0.992016,0.550301,0.755934,1.441075,8.73122,2.058457,6.021363,6.041523,0.976525,5.205125
2014-12-01,0.272241,0.78,2.822099,2.143593,2.968815,0.194063,1.677313,0.407954,2.81966,2.48266,0.948507,0.546453,0.738657,1.456286,8.60625,2.050478,6.062493,5.969707,0.943974,5.24579
2014-12-08,0.273288,0.756,2.822099,2.151869,3.020255,0.202501,1.686478,0.407954,2.846012,2.403144,0.948507,0.546453,0.738657,1.448681,8.714556,2.058457,6.333947,6.0505,0.953274,5.286455
2014-12-15,0.278754,0.708,2.719166,2.060828,2.983512,0.185626,1.608571,0.407954,2.784524,2.385474,0.926752,0.538756,0.725704,1.441075,8.547932,2.0425,6.358624,6.041523,0.888173,5.026199
2014-12-22,0.278754,0.78,2.804944,2.160146,3.0423,0.194063,1.631485,0.407954,2.837228,2.438484,0.931103,0.534908,0.717065,1.460085,8.714556,2.066436,6.440884,6.283902,0.930024,5.196992
2014-12-29,0.278754,0.864,2.830677,2.168422,3.049649,0.194063,1.709393,0.407954,2.872364,2.438484,0.931103,0.561846,0.734342,1.460085,8.747883,2.074414,6.366851,6.328787,0.962575,5.091263
2015-01-05,0.276021,0.876,2.770633,2.110487,2.998209,0.185626,1.805632,0.404497,2.854796,2.39431,0.891945,0.573391,0.725704,1.463892,8.681232,2.082392,6.399754,6.185154,0.985825,5.034332
2015-01-12,0.270555,0.924,2.787788,2.201528,3.012906,0.177188,1.773552,0.404497,2.784524,2.385474,0.878892,0.554149,0.72138,1.46769,8.539598,2.074414,6.391529,6.0505,0.962575,5.034332
2015-01-19,0.273288,0.972,3.0537,2.284292,3.079044,0.177188,1.778135,0.404497,2.846012,2.411979,0.904997,0.561846,0.786173,1.536132,8.714556,2.09835,6.54782,6.52628,1.050927,5.148195
2015-01-26,0.281487,1.032,2.985078,2.375333,3.071694,0.194063,1.709393,0.404497,2.828444,2.606351,0.939805,0.542605,0.786173,1.574151,8.66457,2.09835,6.391529,6.481396,1.055577,5.180727
2015-02-02,0.28422,0.924,3.045122,2.441544,3.14518,0.194063,1.805632,0.40104,2.881148,2.491495,0.904997,0.523363,0.777534,1.557146,8.79787,2.106329,6.730226,6.508327,0.962575,5.205125
2015-02-09,0.278754,0.876,3.088012,2.424991,3.101089,0.194063,1.718558,0.40104,2.898716,2.588865,0.896295,0.519515,0.760258,1.541727,8.65624,2.114307,6.730226,6.750706,0.925374,5.318988
2015-02-16,0.281487,0.936,3.156634,2.375333,3.181923,0.194063,1.736889,0.40104,2.889932,2.526376,0.913699,0.465639,0.755934,1.549436,8.756214,2.106329,6.821173,6.930246,0.925374,5.318988
2015-02-23,0.289686,0.888,3.079434,2.433267,3.152529,0.189845,1.691061,0.40104,2.846012,2.571011,0.857137,0.461791,0.768896,1.572565,8.73122,2.090372,6.763298,7.046947,0.888173,5.318988
2015-03-02,0.286953,0.828,3.036545,2.458097,3.108437,0.185626,1.746055,0.40104,2.881148,2.579938,0.804926,0.427157,0.747295,1.572565,8.6729,2.09835,6.62274,6.921269,0.902123,5.262055
2015-03-09,0.289686,0.792,2.985078,2.44982,3.152529,0.177188,1.709393,0.40104,2.81966,2.508521,0.804926,0.431005,0.725704,1.572565,8.589588,2.082392,6.333357,6.642982,0.860272,5.286455
2015-03-16,0.286953,0.768,3.019389,2.441544,3.071694,0.177188,1.649816,0.373382,2.802092,2.508521,0.822329,0.423309,0.717065,1.572565,8.706226,2.074414,6.490451,6.777637,0.818421,5.310855
2015-03-23,0.289686,0.756,3.088012,2.433267,3.159878,0.177188,1.695644,0.366467,2.872364,2.499594,0.813628,0.434853,0.738657,1.587983,8.872851,2.058457,6.664081,6.867407,0.883523,5.408451
2015-03-30,0.295151,0.744,3.062278,2.367056,3.189272,0.185626,1.718558,0.366467,2.846012,2.508521,0.82668,0.461791,0.77322,1.557146,8.847858,2.058457,6.697153,6.885361,0.869572,5.310855
2015-04-06,0.30335,0.888,3.09659,2.383609,3.233363,0.194063,1.709393,0.380296,2.86358,2.526376,0.883243,0.461791,0.807774,1.580274,8.86452,2.050478,6.788102,6.975131,0.962575,5.375919
2015-04-13,0.306083,0.888,3.156634,2.482926,3.233363,0.202501,1.741472,0.40104,2.86358,2.508521,0.900647,0.484881,0.842327,1.587983,9.072803,2.106329,6.829443,7.163648,1.023026,5.449115
2015-04-20,0.30335,0.816,3.190945,2.532584,3.181923,0.198282,1.668147,0.383753,2.846012,2.48174,0.904997,0.481032,0.812097,1.657361,8.989491,2.106329,6.994803,7.064901,0.999776,5.392185
2015-04-27,0.308816,0.768,3.165212,2.540861,3.108437,0.185626,1.631485,0.387211,2.86358,2.490667,0.891945,0.469488,0.820736,1.595685,8.897846,2.114307,7.044413,7.163648,1.041627,5.196992
2015-05-04,0.278754,0.885,3.070856,2.520108,3.174747,0.198282,1.658981,0.376839,2.810876,2.499594,0.891945,0.446398,0.786173,1.610199,8.852685,2.066436,7.102561,6.960395,0.990475,5.118146
2015-05-11,0.308944,0.705,3.075858,2.57891,3.174747,0.176251,1.815011,0.394125,2.876982,2.490667,0.839219,0.442224,0.786173,1.610199,8.861157,2.114679,7.260396,6.868931,1.004426,5.14287
2015-05-18,0.308944,0.705,3.20768,2.511708,3.018612,0.168319,1.866072,0.379793,2.993133,2.499594,0.821644,0.43831,0.765183,1.657095,8.784914,2.114679,7.185632,6.868931,1.013726,4.945068
2015-05-25,0.311804,0.645,3.06707,2.57051,3.0255,0.171844,1.88464,0.379793,3.002068,2.481739,0.808462,0.434397,0.791425,1.664912,8.640899,2.114679,7.002878,6.722589,0.981175,4.994518
2015-06-01,0.308944,0.69,2.996764,2.57051,3.0255,0.176251,1.88464,0.386959,2.975264,2.436781,0.804068,0.430483,0.773937,1.649278,8.488412,2.09835,6.745357,6.539661,0.953274,5.035728
2015-06-08,0.306083,0.765,2.979188,2.688115,3.055605,0.176251,1.893924,0.386959,2.957395,2.436781,0.795281,0.430483,0.752072,1.57893,8.615484,2.065691,6.637366,6.493929,0.953274,5.14287
2015-06-15,0.308944,0.78,2.952823,2.662914,3.048079,0.180657,1.940344,0.404874,2.93059,2.427789,0.821644,0.42657,0.717086,1.625826,8.53077,2.163668,6.504452,6.439052,0.943974,5.109904
2015-06-22,0.303222,0.765,3.075858,2.696516,2.98787,0.176251,1.912492,0.386959,2.94846,2.418797,0.799674,0.42657,0.747695,1.610199,8.657842,2.09835,6.545988,6.36588,0.934674,5.175838
2015-06-29,0.306083,0.69,3.093434,2.637713,2.972818,0.185063,1.996048,0.404874,2.94846,2.364846,0.799674,0.42657,0.760816,1.641461,8.666311,2.090185,6.645672,6.356734,0.883523,5.126387
2015-07-06,0.288919,0.645,2.952823,2.545309,2.965292,0.176251,2.005332,0.415623,2.885917,2.337871,0.786493,0.407002,0.730207,1.57893,8.564654,2.08202,6.753664,6.06405,0.818421,5.068695
2015-07-13,0.29876,0.63,3.023129,2.57051,2.98787,0.18947,1.958912,0.401291,2.94846,2.328879,0.795281,0.410916,0.738951,1.618008,8.751027,2.09835,6.936419,6.36588,0.827721,5.109904
2015-07-20,0.29876,0.645,2.996764,2.57891,2.972818,0.193876,1.996048,0.401291,2.885917,2.319887,0.804068,0.403089,0.734583,1.618008,8.844214,2.09835,7.085948,6.320148,0.79982,5.175838
2015-07-27,0.29876,0.54,2.829789,2.528508,2.882504,0.176251,1.763949,0.401291,2.859113,2.131059,0.773311,0.387435,0.734583,1.610199,8.717144,2.073855,6.620751,6.128074,0.744019,5.134629
2015-08-03,0.307547,0.543,2.829789,2.536909,2.882504,0.171844,1.796443,0.390542,2.832309,2.068116,0.729373,0.391348,0.717086,1.625425,8.640899,2.057526,6.413074,6.082343,0.711468,5.134629
2015-08-10,0.301689,0.516,2.759484,2.612512,2.829821,0.176251,1.69432,0.390542,2.698287,2.059124,0.698617,0.387435,0.664621,1.569917,8.268154,2.049361,6.288467,6.045757,0.683568,5.085178
2015-08-17,0.292902,0.576,2.63645,2.419304,2.753744,0.155982,1.466863,0.336798,2.693562,1.798362,0.70301,0.305252,0.585914,1.506487,7.849201,1.935054,6.188781,5.762219,0.744019,4.86265
2015-08-24,0.292902,0.516,2.504627,2.3924,2.761372,0.167438,1.466863,0.358296,2.567442,1.897272,0.672254,0.293511,0.572793,1.565956,7.849201,2.000646,6.130632,5.707341,0.674267,5.016205
2015-08-31,0.287044,0.57,2.416745,2.383886,2.707975,0.167438,1.411159,0.358296,2.468347,1.793866,0.637103,0.293511,0.555305,1.510455,7.64219,1.90933,5.981105,5.560999,0.641716,4.924241
2015-09-07,0.292902,0.567,2.460686,2.434969,2.715604,0.158626,1.455166,0.358296,2.342227,1.744411,0.641497,0.281771,0.57717,1.506487,7.771572,1.925933,6.213705,5.588439,0.632416,4.940962
2015-09-14,0.292902,0.558,2.44311,2.443483,2.738488,0.167438,1.497276,0.358296,2.38727,1.771387,0.663466,0.289598,0.585914,1.506487,7.762947,1.959138,6.413074,5.506121,0.585915,5.016205
2015-09-21,0.295831,0.576,2.451898,2.3924,2.723232,0.167438,1.43645,0.358296,2.378262,1.88828,0.641497,0.273944,0.603402,1.498557,7.685316,1.934234,6.030948,5.515267,0.576615,5.13325
2015-09-28,0.292902,0.705,2.469475,2.50308,2.639323,0.167438,1.628288,0.358296,2.306193,1.906263,0.63271,0.301338,0.594658,1.514416,7.564561,1.876124,5.947876,5.387218,0.585915,5.049646
2015-10-05,0.292902,0.66,2.768272,2.571191,2.753744,0.176251,1.614251,0.358296,2.603476,1.924247,0.694223,0.285684,0.625267,1.561995,8.099341,1.96744,6.423094,5.990879,0.669617,5.099809
2015-10-12,0.306343,0.735,2.724331,2.54565,2.769001,0.171844,1.66572,0.390542,2.657527,1.915255,0.676648,0.309165,0.620891,1.573886,8.125217,1.950837,6.406103,6.228684,0.692868,5.11653
2015-10-19,0.306343,0.75,2.759484,2.630788,2.791885,0.176251,1.820127,0.397775,2.864724,1.969207,0.729373,0.391348,0.6515,1.593706,8.168345,1.992344,6.508056,6.256124,0.692868,5.141611
2015-10-26,0.30334,0.705,2.724331,2.588219,2.746116,0.171844,1.7593,0.350765,2.819682,1.933239,0.716192,0.407002,0.629644,1.550096,7.788824,1.975742,6.270164,6.000025,0.660317,5.12489
2015-11-02,0.306343,0.72,2.838577,2.630788,2.799513,0.17537,1.852879,0.361613,2.756622,1.951223,0.755736,0.403089,0.616523,1.552493,7.823324,1.96744,6.51633,6.018318,0.669617,5.10817
2015-11-09,0.309346,0.6,2.689179,2.537136,2.715604,0.172726,1.740584,0.347149,2.63951,2.077108,0.685435,0.371781,0.620891,1.528359,7.693943,1.942535,6.456469,5.689048,0.646366,5.099809
2015-11-16,0.309346,0.63,2.750695,2.61376,2.807141,0.171844,1.810768,0.347149,2.648519,1.978198,0.650285,0.33656,0.629644,1.520314,7.702569,1.950837,6.567641,5.579292,0.637066,5.058007
2015-11-23,0.306343,0.72,2.671602,2.494566,2.807141,0.171844,1.824806,0.357997,2.612485,1.978198,0.659072,0.33476,0.625267,1.504232,7.486931,1.96744,6.422263,5.542706,0.632416,4.982764
2015-11-30,0.310886,0.75,2.838577,2.61376,2.776208,0.171844,1.871596,0.350765,2.648519,1.996182,0.676648,0.338699,0.634012,1.504232,7.538685,1.925933,6.559089,5.615877,0.627766,5.066367
2015-12-07,0.313964,0.81,2.759484,2.528621,2.760742,0.174488,1.815448,0.350765,2.594468,1.996182,0.672254,0.330822,0.629644,1.480097,7.435178,1.892727,6.388056,5.53356,0.576615,4.974403
2015-12-14,0.313964,0.87,2.856154,2.537136,2.776208,0.165676,1.740584,0.347149,2.594468,1.942232,0.66786,0.378082,0.625267,1.455963,7.486931,1.984043,6.541986,5.560999,0.571965,5.091448
2015-12-21,0.313964,0.915,2.926459,2.554163,2.783941,0.167438,1.773337,0.354381,2.63951,1.933239,0.676648,0.393836,0.629644,1.476079,7.633564,1.950837,6.51633,5.670755,0.576615,5.099809
2015-12-28,0.317042,0.9,2.944035,2.596733,2.861273,0.167438,1.796732,0.354381,2.648519,1.870296,0.676648,0.389897,0.629644,1.484116,7.590437,1.934234,6.584743,5.707341,0.571965,5.032926
2016-01-04,0.313964,0.855,2.77706,2.528621,2.737542,0.167438,1.745263,0.343532,2.585459,1.897272,0.637103,0.370206,0.607779,1.472053,7.245416,1.859521,6.336747,5.414657,0.516163,4.982764
2016-01-11,0.307807,0.78,2.697967,2.451997,2.683411,0.163913,1.651683,0.347149,2.405288,1.834329,0.606346,0.358391,0.585914,1.524341,6.85727,1.859521,5.857856,5.149412,0.469662,4.999484
2016-01-18,0.307807,0.765,2.627661,2.451997,2.55968,0.176251,1.632967,0.347149,2.477356,1.748907,0.606346,0.350514,0.590291,1.50825,6.658883,1.776507,5.832202,5.048801,0.39061,4.974403
2016-01-25,0.310886,0.66,2.697967,2.409427,2.613812,0.176251,1.632967,0.3363,2.567442,1.834329,0.619528,0.319007,0.603402,1.528359,6.831394,1.784809,6.054543,5.121973,0.437111,4.932602
2016-02-01,0.317042,0.645,2.627661,2.434969,2.776208,0.163032,1.806089,0.332684,2.70257,1.780378,0.619528,0.346575,0.590291,1.580221,6.633007,1.735,6.072831,5.20429,0.418511,4.890801
2016-02-08,0.313964,0.576,2.478262,2.375372,2.807141,0.158626,1.749942,0.332684,2.621493,1.756758,0.593165,0.326884,0.590291,1.518977,6.43462,1.743301,5.909165,4.929898,0.39526,4.890801
2016-02-15,0.323198,0.546,2.522203,2.511594,2.675678,0.157744,1.866917,0.332684,2.846707,1.779573,0.63271,0.338699,0.594658,1.61289,6.883146,1.809713,6.288179,5.295753,0.441761,4.957683
2016-02-22,0.323198,0.51,2.583721,2.537136,2.637011,0.167438,1.782695,0.332684,2.756622,1.793262,0.66786,0.319007,0.625267,1.608811,6.917648,1.876124,6.150356,5.20429,0.455712,5.016205
2016-02-29,0.341666,0.6,2.785848,2.562677,2.652477,0.180657,1.778016,0.368845,2.89175,1.797825,0.685435,0.31113,0.682109,1.596556,7.581811,1.90933,6.581053,5.423803,0.488263,5.058007
2016-03-07,0.341666,0.6,2.741907,2.511594,2.598345,0.176251,1.829485,0.357997,2.909767,1.788699,0.70301,0.315069,0.673365,1.625137,7.590437,1.917631,6.61551,5.378071,0.474312,5.058007
2016-03-14,0.344744,0.57,2.785848,2.528621,2.582879,0.185063,1.829485,0.361613,2.981836,1.816077,0.720586,0.326884,0.69523,1.641473,7.995834,1.942535,6.796402,5.496975,0.460362,5.024566
2016-03-21,0.344744,0.564,2.715543,2.520108,2.598345,0.202688,1.857559,0.365229,3.026878,1.784136,0.720586,0.315069,0.682109,1.641473,7.685316,1.892727,6.641352,5.396364,0.446411,5.049646
2016-03-28,0.3509,0.57,2.654026,2.469025,2.55968,0.202688,1.918386,0.365229,3.026878,1.802388,0.716192,0.31113,0.682109,1.633305,7.607687,1.975742,6.693034,5.314047,0.455712,5.032926
2016-04-04,0.366291,0.525,2.618873,2.443483,2.55968,0.202688,1.909027,0.372462,3.035887,1.802388,0.72498,0.31113,0.686486,1.629225,7.573185,1.959138,6.589666,5.359779,0.488263,5.041286
2016-04-11,0.387837,0.516,2.750695,2.469025,2.606078,0.211501,1.824806,0.347149,3.152998,1.811514,0.751343,0.326884,0.716653,1.64964,8.013085,1.96744,6.830858,5.542706,0.562664,5.049646
2016-04-18,0.384759,0.54,2.812213,2.469025,2.590612,0.207095,1.834164,0.376078,3.20705,1.825203,0.76013,0.342637,0.716653,1.633305,8.099341,1.984043,6.684421,5.689048,0.604515,5.10817
2016-04-25,0.381681,0.564,2.733119,2.46051,2.59858,0.215907,1.782695,0.376078,3.342179,1.784136,0.716192,0.33476,0.697414,1.592476,7.564561,1.992344,6.4863,5.615877,0.604515,5.099809
2016-05-02,0.369369,0.495,2.69466,2.358345,2.606431,0.202688,1.637646,0.397775,3.134981,1.770447,0.663466,0.319007,0.668555,1.642011,7.327159,1.901028,6.372468,5.240875,0.595215,4.974403
2016-05-09,0.372315,0.43,2.721788,2.427072,2.653535,0.213634,1.55043,0.379694,2.974123,1.788699,0.703267,0.322945,0.668555,1.666893,7.335956,1.932488,6.450498,5.346658,0.626489,5.038314
2016-05-16,0.362687,0.405,2.703703,2.383732,2.749653,0.209089,1.508017,0.418612,2.983275,1.825203,0.649514,0.322945,0.673435,1.642011,7.432714,1.94959,6.493849,5.365419,0.640515,4.961977
2016-05-23,0.362687,0.4,2.69466,2.401068,2.805443,0.209089,1.526867,0.418612,3.056484,1.861707,0.658473,0.330822,0.683195,1.642011,7.529471,1.966692,6.623899,5.327899,0.649866,4.953494
2016-05-30,0.378735,0.4,2.73083,2.375064,2.869203,0.209089,1.53158,0.418612,3.065635,1.838996,0.676391,0.326884,0.683195,1.666893,7.626227,2.035099,6.649909,5.280998,0.621814,4.919566
2016-06-06,0.385154,0.34,2.739873,2.357727,2.845293,0.213634,1.606981,0.418612,3.083937,1.903361,0.662953,0.31113,0.678315,1.650304,7.626227,2.017997,6.589218,5.215337,0.603113,4.89412
2016-06-13,0.372315,0.365,2.703703,2.331723,2.845293,0.209089,1.526867,0.418612,3.010728,1.838996,0.645035,0.326884,0.653915,1.567374,7.353549,1.838429,6.441827,5.093396,0.570386,4.868674
2016-06-20,0.375525,0.345,2.613278,2.314387,2.821383,0.209089,1.465604,0.378745,2.955821,1.857386,0.627117,0.307192,0.653915,1.642011,7.37114,1.906836,6.329118,4.980834,0.551685,4.868674
2016-06-27,0.381944,0.305,2.785085,2.383732,3.012663,0.209089,1.470317,0.378745,3.001577,1.857386,0.658473,0.295377,0.658795,1.758117,7.696596,1.923938,6.623899,5.177817,0.598438,4.928048
2016-07-04,0.375525,0.36,2.703703,2.409736,3.020633,0.209089,1.432616,0.350837,2.992426,1.866581,0.676391,0.2875,0.658795,1.749823,7.687801,1.906836,6.571878,5.224718,0.598438,4.877156
2016-07-11,0.386932,0.315,2.794128,2.609102,3.140183,0.199998,1.470317,0.366784,3.02903,1.875776,0.721185,0.275685,0.658795,1.758117,7.854928,1.923938,6.710598,5.327899,0.612464,4.961977
2016-07-18,0.383653,0.29,2.830298,2.461744,3.148153,0.204544,1.446754,0.378745,2.818554,1.967726,0.721185,0.295377,0.663675,1.766411,7.898907,1.966692,6.745279,5.374799,0.584412,5.02135
2016-07-25,0.390212,0.285,2.866468,2.444408,3.124243,0.227271,1.522155,0.382731,2.827705,1.95853,0.703267,0.2875,0.688075,1.799832,7.564655,1.94104,6.528529,5.41232,0.561035,4.961977
2016-08-01,0.383653,0.26,2.91168,2.418404,3.132213,0.21818,1.526867,0.382731,2.781949,1.940141,0.676391,0.295377,0.673435,1.825057,7.309568,1.932488,6.563209,5.4686,0.570386,4.970459
2016-08-08,0.383653,0.23,2.902638,2.479081,3.100333,0.21818,1.536293,0.398679,2.818554,1.894166,0.676391,0.322945,0.658795,1.799832,7.573828,1.94104,6.563209,5.393559,0.551685,4.995904
2016-08-15,0.390212,0.27,2.794128,2.444408,3.108511,0.236362,1.790771,0.390705,2.827705,1.949335,0.68087,0.354452,0.653915,1.816654,7.591797,1.958141,6.615229,5.299758,0.542334,4.885638
2016-08-22,0.403328,0.205,2.821255,2.498358,3.011622,0.236362,1.71537,0.410639,2.83217,1.967726,0.676391,0.322945,0.668555,1.841879,7.744531,1.923938,6.632569,5.290378,0.532983,4.970108
2016-08-29,0.403328,0.171,2.776043,2.489561,2.801697,0.240907,1.677669,0.410639,2.841395,1.930946,0.645035,0.330822,0.663675,1.799832,7.717578,1.940812,6.537198,5.187197,0.528308,4.970108
2016-09-05,0.409886,0.168,2.87551,2.489561,2.777475,0.245452,1.749772,0.426586,2.952099,1.949335,0.68087,0.342637,0.658795,1.799832,7.915234,1.940812,6.554537,5.337279,0.55636,4.970108
2016-09-12,0.400049,0.16,2.821255,2.419185,2.793623,0.254543,1.745042,0.426586,2.905972,1.912556,0.658473,0.350514,0.658795,1.757775,7.780468,1.923484,6.493849,5.168437,0.561035,4.961509
2016-09-19,0.406607,0.171,2.857425,2.471967,2.753253,0.245452,1.75923,0.466454,2.942873,1.912556,0.671911,0.374144,0.658795,1.774597,7.681641,1.923484,6.485179,5.290378,0.570386,4.944311
2016-09-26,0.403328,0.177,2.893595,2.471967,2.769401,0.240907,1.730855,0.474427,2.970549,1.967726,0.671911,0.366267,0.653915,1.850291,7.771483,1.923484,6.424489,5.262238,0.561035,4.901318
2016-10-03,0.406607,0.178,2.848383,2.454373,2.761327,0.236362,1.702481,0.482401,2.961324,1.995311,0.68535,0.374144,0.663675,1.783009,7.798438,1.923484,6.547097,5.48736,0.551685,4.88412
2016-10-10,0.408213,0.17,2.80317,2.401591,2.769401,0.240907,1.645731,0.470441,2.970549,1.97692,0.676391,0.362329,0.649035,1.79142,7.555859,1.914819,6.397096,5.44046,0.523633,4.901318
2016-10-17,0.411559,0.17,2.821255,2.3752,2.737105,0.240907,1.65046,0.474261,3.044351,1.949335,0.689829,0.385959,0.649035,1.79142,7.627734,1.880162,6.361802,5.346658,0.528308,4.944311
2016-10-24,0.411559,0.188,2.80317,2.28723,2.712882,0.227271,1.740314,0.478314,3.053577,1.949335,0.671911,0.382021,0.644155,1.740952,7.636719,1.880162,6.317684,5.356039,0.532983,4.901318
2016-10-31,0.411559,0.169,2.748915,2.155274,2.575624,0.227271,1.669377,0.486421,2.998225,1.940141,0.7615,0.374144,0.629515,1.704742,7.573828,1.897491,6.210278,5.299758,0.504932,4.823928
2016-11-07,0.414905,0.17,2.757958,2.164071,2.478735,0.240907,1.853812,0.470207,3.044351,1.95853,0.783897,0.378082,0.639275,1.69196,7.708593,1.880162,6.245816,5.309138,0.504932,4.849725
2016-11-14,0.411559,0.17,2.721788,2.128883,2.378524,0.231816,1.844354,0.470207,3.108928,1.949335,0.83765,0.393836,0.605116,1.696218,7.96914,1.880162,6.343544,5.309138,0.486231,4.866922
2016-11-21,0.411559,0.188,2.73083,2.128883,2.31291,0.21818,1.849083,0.482368,3.311885,1.967726,0.855567,0.405088,0.600236,1.666386,7.987109,1.854169,6.325776,5.44046,0.47688,4.858324
2016-11-28,0.408213,0.17,2.776043,2.22565,2.353919,0.21818,1.839625,0.482368,3.30266,1.949335,0.873346,0.413031,0.629515,1.653603,8.220702,1.906155,6.494582,5.477981,0.472205,4.935713
2016-12-05,0.413198,0.162,2.80317,2.28723,2.419534,0.21818,1.872729,0.4621,3.330336,1.930946,0.891541,0.424946,0.634395,1.683435,8.319531,1.880162,6.618965,5.834424,0.462854,4.909916
2016-12-12,0.413198,0.17,2.73083,2.28723,2.304708,0.21818,1.844354,0.4621,3.413364,1.949335,0.8597,0.413031,0.624635,1.623771,8.247656,1.880162,6.503466,5.881325,0.439478,4.88412
2016-12-19,0.416612,0.172,2.69466,2.234447,2.271901,0.222725,1.81125,0.490474,3.311885,1.903361,0.823311,0.417003,0.619756,1.593939,8.023047,1.862833,6.334661,5.599921,0.425452,4.832528
2016-12-26,0.416612,0.173,2.73083,2.172868,2.304708,0.21818,1.797063,0.490474,3.311885,1.92175,0.823311,0.405088,0.614876,1.619504,8.014062,1.854169,6.361315,5.618681,0.467529,4.892719
2017-01-02,0.416612,0.171,2.794128,2.243244,2.345717,0.227271,1.815979,0.494528,3.339561,1.949335,0.841506,0.385231,0.619756,1.679177,8.247656,1.862833,6.370198,5.815664,0.458179,4.866922
2017-01-09,0.423442,0.205,2.866468,2.234447,2.485148,0.227271,1.825437,0.494528,3.487166,1.967726,0.846054,0.385231,0.639275,1.69196,8.427344,1.897491,6.565658,5.900085,0.430127,4.901318
2017-01-16,0.416612,0.19,2.884552,2.155274,2.542561,0.259089,1.891645,0.510742,3.588645,1.967726,0.841506,0.373317,0.634395,1.67491,8.355469,1.923484,6.690041,5.918845,0.416101,4.866922
2017-01-23,0.423442,0.191,3.02019,2.164071,2.476946,0.254543,1.849083,0.498582,3.616321,1.949335,0.873346,0.389202,0.663675,1.700484,8.490235,1.906155,6.62785,6.097067,0.388049,4.875522
2017-01-30,0.437102,0.192,3.047317,2.084898,2.460543,0.259089,1.867999,0.514796,3.616321,1.930946,0.873346,0.393174,0.688075,1.764108,8.463281,1.906155,6.752529,6.097067,0.416101,4.858324
2017-02-06,0.457591,0.191,3.155827,2.208056,2.288305,0.281816,1.86327,0.518849,3.625546,1.967989,0.882444,0.393174,0.702715,1.764108,8.759765,1.949477,6.806191,6.303429,0.439478,4.927114
2017-02-13,0.457591,0.19,3.1287,2.111289,2.296507,0.299997,1.849083,0.535063,3.634771,1.977316,0.891541,0.397145,0.697835,1.729514,8.553124,2.278722,6.788304,6.125208,0.420776,4.918515
2017-02-20,0.461006,0.19,3.282422,2.13768,2.304708,0.299997,1.768688,0.551277,3.413364,1.977316,0.914284,0.43686,0.678315,1.738163,8.625,2.270057,6.761473,6.237769,0.406751,4.927114
2017-02-27,0.488324,0.193,3.191997,2.208056,2.362121,0.290907,1.787605,0.559384,3.358012,1.902701,0.891541,0.424946,0.673435,1.738163,8.526172,2.278722,6.680978,6.115827,0.402075,4.918515
2017-03-06,0.515643,0.191,3.34572,2.208056,2.362121,0.331815,1.839625,0.54317,3.30266,1.949335,0.909736,0.448774,0.790554,1.699248,8.589063,2.339372,6.698866,6.491032,0.411426,4.944311
2017-03-13,0.566866,0.2,3.363804,2.243244,2.353919,0.331815,1.849083,0.551277,3.339561,1.99597,0.909736,0.476574,0.775914,1.755459,8.678905,2.356701,6.833022,6.547312,0.439478,4.944311
2017-03-20,0.611259,0.196,3.336677,2.216853,2.362121,0.340906,1.882187,0.551277,3.265759,2.173182,0.89609,0.524232,0.790554,1.781405,8.598046,2.339372,6.752529,6.500411,0.430127,4.944311
2017-03-27,0.58394,0.195,3.282422,2.252041,2.362121,0.336361,1.834896,0.551277,3.256534,2.154529,0.92793,0.504375,0.780794,1.824639,8.732813,2.339372,6.886684,6.537932,0.444153,4.978706
2017-04-03,0.607844,0.22,3.390932,2.331215,2.329314,0.340906,1.81125,0.551277,3.265759,2.145201,0.941576,0.536146,0.785674,1.81599,8.687889,2.43468,6.85091,6.584832,0.486231,4.987305
2017-04-10,0.614674,0.255,3.327634,2.304823,2.370323,0.32727,1.740314,0.551277,3.238083,2.191836,0.996161,0.512317,0.785674,1.81599,8.696876,2.408686,6.734642,6.612973,0.458179,4.987305
2017-04-17,0.5976,0.21,3.273379,2.366403,2.280103,0.32727,1.75923,0.551277,3.238083,2.191836,0.977966,0.548061,0.780794,1.798693,8.616015,2.382694,6.680978,6.753674,0.425452,4.987305
2017-04-24,0.652238,0.2,3.399974,2.410388,2.328592,0.340906,1.773417,0.551277,3.274984,2.219818,1.014355,0.548061,0.790554,1.824639,8.804687,2.426015,6.618374,6.791194,0.434802,4.935713
2017-05-01,0.594185,0.191,3.273379,2.401591,2.311899,0.336361,1.754501,0.559384,3.201182,2.229144,0.987063,0.587775,0.775914,1.764108,9.182031,2.330707,6.689683,6.659873,0.439478,4.955883
2017-05-08,0.610509,0.181,3.353527,2.419242,2.28686,0.403828,1.872999,0.54317,3.508358,2.191836,0.995974,0.623518,0.761274,1.78115,9.478514,2.355183,6.617655,6.771251,0.45239,4.973333
2017-05-15,0.740329,0.19,3.27921,2.176419,2.286615,0.460176,1.868209,0.53896,3.424381,2.201164,1.060528,0.650705,0.746635,1.78115,9.352734,2.302058,6.500607,6.570124,0.442965,4.990783
2017-05-22,0.849098,0.196,3.269921,2.158432,2.286615,0.483655,1.916111,0.542354,3.40572,2.191836,1.07436,0.742523,0.746635,1.842567,9.370703,2.328621,6.671676,6.646744,0.442965,4.955883
2017-05-29,0.877168,0.196,3.362816,2.185412,2.312022,0.474263,1.88258,0.559849,3.303082,2.233896,1.083583,0.762483,0.751515,1.842567,9.67272,2.355183,6.572637,6.780828,0.442965,4.964608
2017-06-05,0.866642,0.196,3.344237,2.167425,2.295084,0.511829,1.849048,0.546728,3.228436,2.243283,1.097416,0.798412,0.756395,1.816242,9.764146,2.346329,6.644666,7.345897,0.442965,4.947158
2017-06-12,0.771908,0.27,3.316368,2.194406,2.303553,0.474263,1.825096,0.551102,3.28442,2.22451,1.046695,0.750507,0.795434,1.842567,9.727574,2.399453,6.563634,7.288432,0.457102,4.964608
2017-06-19,0.740329,0.275,3.2885,2.131451,2.303553,0.464872,1.815516,0.551102,3.256428,2.196352,0.982141,0.742523,0.775914,1.842567,9.74586,2.355183,6.65367,7.278855,0.480664,4.964608
2017-06-26,0.705243,0.28,3.251342,2.068497,2.303553,0.450785,1.815516,0.551102,3.125798,2.205738,1.000585,0.730547,0.771034,1.877667,9.864712,2.328621,6.608652,7.317164,0.45239,4.955883
2017-07-03,0.705243,0.235,3.242052,2.032523,2.286615,0.460176,1.815516,0.568597,3.116467,2.215124,0.982141,0.742523,0.761274,1.842567,9.773287,2.346329,6.626658,7.192658,0.457102,4.955883
2017-07-10,0.752976,0.24,3.372106,2.05051,2.320491,0.469568,1.810725,0.564223,3.125798,2.262055,0.995974,0.778451,0.780794,1.833792,10.102415,2.328621,6.70769,7.393784,0.475952,4.964608
2017-07-17,0.78139,0.225,3.474291,2.059504,2.320491,0.493046,1.810725,0.586092,3.144459,2.22451,1.037473,0.81438,0.766155,1.868892,10.138985,2.372891,6.761712,7.585333,0.471239,4.929708
2017-07-24,0.738769,0.22,3.427843,2.059504,2.303553,0.464872,1.791564,0.586092,3.097805,2.233896,1.060528,0.81438,0.766155,1.851342,10.41326,2.319766,6.833742,7.499136,0.457102,4.955883
2017-07-31,0.777839,0.2,3.585765,2.086484,2.261208,0.48835,1.762823,0.586092,3.191113,2.215124,1.097416,0.95011,0.800314,1.84075,10.248695,2.328621,6.824737,7.719417,0.457102,4.947158
2017-08-07,0.767183,0.23,3.437133,2.07749,2.16805,0.493046,1.762823,0.542354,2.985837,2.308985,1.065138,1.141728,0.766155,1.86743,10.403385,2.328621,6.725698,7.642797,0.438252,5.060585
2017-08-14,0.692596,0.23,3.48358,1.987556,2.201149,0.48835,1.7245,0.564223,2.920522,2.290213,1.097416,1.117776,0.766155,1.885217,10.21761,2.346329,6.662673,7.843923,0.424115,4.929708
2017-08-21,0.678389,0.23,3.446422,2.091119,2.287133,0.474263,1.825096,0.564223,3.033295,2.365302,1.097416,1.165681,0.775914,1.86743,10.199032,2.328621,6.671676,7.690684,0.428828,5.052729
2017-08-28,0.671285,0.2,3.511449,2.10029,2.244141,0.464872,1.786774,0.577345,3.127497,2.384074,1.106815,1.12576,0.771034,1.876324,10.375518,2.355183,6.752708,7.834347,0.442965,5.070583
2017-09-04,0.639319,0.22,3.437133,2.017746,2.261338,0.455481,1.813265,0.581719,3.052135,2.355917,1.083464,1.193217,0.766155,1.903005,10.106146,2.355183,6.689683,7.738572,0.428828,5.070583
2017-09-11,0.66063,0.186,3.381396,1.944373,2.235543,0.460176,1.808443,0.581719,3.089816,2.34653,1.074124,1.243699,0.775914,1.903005,10.171166,2.337204,6.680679,7.642797,0.400553,5.106291
2017-09-18,0.649975,0.19,3.353527,1.811386,2.235543,0.483655,1.793975,0.577345,3.042716,2.365302,1.069454,1.197806,0.766155,1.885217,10.356941,2.328215,6.698687,7.728994,0.395841,5.097364
2017-09-25,0.710355,0.19,3.325658,1.907687,2.235543,0.469568,1.822911,0.577345,2.995614,2.374689,1.092804,1.23911,0.795434,1.876324,10.36623,2.319226,6.65367,7.776882,0.400553,5.088437
2017-10-02,0.728114,0.19,3.427843,1.834315,2.261338,0.497742,1.856668,0.577345,3.127497,2.355917,1.130165,1.436449,0.819834,1.903005,10.561294,2.337204,6.982763,8.188711,0.428828,5.088437
2017-10-09,0.713907,0.191,3.474291,1.880172,2.295731,0.544698,1.832556,0.586092,3.146337,2.374689,1.120825,1.555771,0.853994,1.947463,10.663469,2.364172,6.991926,8.514344,0.447677,5.088437
2017-10-16,0.783846,0.18,3.446422,1.852658,2.321525,0.525916,1.832556,0.586126,3.127497,2.412233,1.120825,1.500699,0.844234,1.947463,10.672757,2.364172,7.00109,8.466457,0.442965,5.124145
2017-10-23,0.921379,0.19,3.455712,1.852658,2.304329,0.540003,1.851846,0.568365,3.174598,2.402847,1.162856,1.555771,0.878394,1.929676,10.960709,2.454064,7.046909,8.571809,0.457102,5.141999
2017-10-30,0.907895,0.186,3.427843,1.871001,2.338722,0.55409,1.880781,0.595007,3.193438,2.384074,1.144176,1.7577,0.868634,1.96525,10.969998,2.427097,7.046909,8.571809,0.438252,5.168781
2017-11-06,0.916884,0.19,3.325658,1.834315,2.441901,0.493046,1.871136,0.586126,3.118077,2.440392,1.251588,1.7577,0.863754,1.964929,10.914265,2.445075,7.07446,8.38026,0.428828,5.159854
2017-11-13,1.024753,0.196,3.27921,1.86183,2.469351,0.502437,1.832556,0.595007,2.976774,2.487322,1.270268,1.799004,0.824714,1.982957,10.821378,2.445075,6.889989,8.265331,0.424115,5.159854
2017-11-20,1.024753,0.199,3.316368,1.871001,2.486803,0.493046,1.822911,0.568365,2.986194,2.459163,1.288949,1.762289,0.819834,1.991972,11.192927,2.445075,6.91766,8.543077,0.409978,5.150927
2017-11-27,0.898906,0.19,3.316368,1.871001,2.547882,0.507133,1.813265,0.559484,2.967354,2.421619,1.251588,1.632086,0.853994,1.991972,11.536611,2.445075,6.963777,8.504767,0.41469,5.177708
2017-12-04,0.902397,0.19,3.214184,1.751771,2.547882,0.493046,1.793975,0.568365,2.920253,2.449777,1.232908,1.567173,0.834474,1.991972,11.508744,2.445075,6.991447,8.284486,0.400553,5.141999
2017-12-11,0.916001,0.184,3.251342,1.751771,2.547882,0.511829,1.78433,0.577245,2.939093,2.402847,1.251588,1.604266,0.824714,1.982957,11.425146,2.463054,6.936107,8.179134,0.41469,5.150927
2017-12-18,0.916001,0.184,3.260631,1.770114,2.512979,0.507133,1.832556,0.586126,2.910833,2.421619,1.223567,1.706271,0.819834,1.991972,11.415858,2.463054,6.853095,8.265331,0.409978,5.133072
2017-12-25,0.925071,0.181,3.27921,1.815972,2.486803,0.507133,1.80362,0.568365,2.910833,2.421619,1.223567,1.734091,0.839354,2.019015,11.508744,2.454064,6.862319,8.49519,0.409978,5.177708
2018-01-01,0.970417,0.181,3.390685,1.871001,2.521705,0.525916,1.822911,0.590566,3.014455,2.449777,1.242248,1.836096,0.849114,2.046049,12.028913,2.490021,6.982224,8.859132,0.424115,5.150927
2018-01-08,0.952278,0.183,3.511449,1.86183,2.556607,0.535307,1.80362,0.595007,2.976774,2.421619,1.223567,1.780457,0.863754,2.037035,12.066068,2.490021,6.963777,8.887865,0.424115,5.186635
2018-01-15,0.970417,0.18,3.548607,1.898516,2.574059,0.55409,1.80362,0.590566,2.986194,2.412233,1.242248,1.799004,0.849114,2.091122,12.261132,2.445075,7.36039,8.801667,0.438252,5.159854
2018-01-22,0.988556,0.183,3.567186,1.898516,2.574059,0.615134,1.832556,0.586126,3.014455,2.402847,1.288949,1.836096,0.858874,2.109151,12.112513,2.427097,7.590978,8.839976,0.43354,5.231271
2018-01-29,0.979487,0.18,3.455712,1.962717,2.495528,0.619829,1.813265,0.603887,2.976774,2.374689,1.242248,1.836096,0.844234,2.010001,11.898872,2.427097,7.571481,8.658006,0.438252,5.20449
2018-02-05,0.906932,0.195,3.247938,1.834315,2.425723,0.577568,1.70717,0.595007,2.826051,2.288772,1.130165,1.734091,0.785674,1.96309,11.322969,2.346194,7.320954,7.987586,0.395841,5.20449
2018-02-12,0.943209,0.181,3.341538,1.880172,2.242485,0.58696,1.68788,0.595007,2.854312,2.279275,1.158186,1.854643,0.790554,1.935695,11.871004,2.337204,6.838459,7.987586,0.405266,5.356249
2018-02-19,1.042972,0.181,3.360259,1.834315,2.181406,0.629221,1.697525,0.595007,2.948514,2.250784,1.214227,2.234845,0.790554,1.981344,12.41904,2.373162,6.986919,8.025895,0.424115,5.374104
2018-02-26,1.042972,0.183,3.360259,1.834315,2.146503,0.58696,1.697525,0.595007,2.995614,2.203299,1.074124,2.318303,0.785674,1.999608,12.131091,2.427097,6.940525,8.121669,0.424115,5.400886
2018-03-05,1.115526,0.183,3.369619,1.852658,2.155229,0.605742,1.697525,0.599447,3.033295,2.212796,1.046103,2.318303,0.780794,2.008739,12.307576,2.418108,6.959083,8.38026,0.41469,5.400886
2018-03-12,1.188081,0.2,3.425779,1.852658,2.102875,0.615134,1.678235,0.603887,3.033295,2.136821,1.055444,2.485221,0.785674,1.999608,12.354019,2.454064,6.959083,8.408993,0.405266,5.454448
2018-03-19,1.088318,0.181,3.350899,1.825143,2.059247,0.572873,1.639655,0.643851,2.986194,2.10833,1.027423,2.169932,0.785674,2.008739,11.954603,2.418108,6.838459,8.121669,0.405266,5.436594
2018-03-26,1.06111,0.181,3.341538,1.880172,2.006893,0.577568,1.620365,0.612768,2.995614,2.032354,1.008743,2.132839,0.771034,1.999608,11.90816,2.418108,6.838459,8.188711,0.400553,5.400886
2018-04-02,1.006695,0.19,3.378979,1.907687,2.03307,0.563481,1.63001,0.617208,2.976774,2.032354,1.064784,1.910282,0.746635,2.008739,11.852428,2.418108,6.782786,8.255754,0.400553,5.391958
2018-04-09,1.06111,0.195,3.444499,2.008575,1.989442,0.577568,1.61072,0.612768,2.986194,2.01336,1.102145,1.975194,0.771034,2.045266,12.149668,2.445075,6.921968,8.418571,0.395841,5.525864
2018-04-16,1.024833,0.195,3.491299,2.008575,2.006893,0.563481,1.601075,0.612768,3.023875,1.975372,1.111485,1.873189,0.756395,2.045266,12.753435,2.472043,7.014755,8.447302,0.376991,5.534791
2018-04-23,0.988556,0.195,3.51002,2.063604,1.989442,0.549394,1.61072,0.612768,3.070976,1.984869,1.111485,1.594993,0.780794,2.045266,12.679125,2.499011,7.144658,8.38026,0.376991,5.570499
2018-04-30,0.916001,0.197,3.51002,2.017746,2.033378,0.525916,1.63001,0.63497,3.014455,1.91839,1.102145,1.353889,0.775914,2.027003,12.679125,2.427097,7.10706,8.2366,0.391128,5.400886
2018-05-07,0.961006,0.197,3.435139,2.195757,1.935705,0.531609,1.57214,0.621649,3.041688,1.984869,1.215983,1.335343,0.771034,2.04622,12.2054,2.489126,7.200452,8.520783,0.409993,5.643523
2018-05-14,0.924044,0.23,3.432967,2.2523,1.961543,0.536442,1.5339,0.621649,3.109067,1.975372,1.244483,1.297449,0.766092,1.99067,12.084646,2.507701,7.144416,8.178779,0.41476,5.597188
2018-05-21,0.859361,0.2,3.432967,2.271148,1.880188,0.536442,1.6316,0.66855,3.137944,1.946881,1.206484,1.249749,0.771034,2.018441,12.223434,2.507701,6.9016,8.198322,0.405225,5.606455
2018-05-28,0.827019,0.2,3.394286,2.355962,1.744598,0.507445,1.59252,0.649448,3.128318,1.922759,1.187484,1.31653,0.761149,2.027701,11.808762,2.516989,6.752174,7.914948,0.405225,5.597188
2018-06-04,0.817779,0.2,3.384615,2.261724,1.681322,0.488114,1.62183,0.654224,3.118693,1.922759,1.187484,1.278369,0.746322,2.036961,11.855884,2.498414,6.770853,7.944262,0.395691,5.624989
2018-06-11,0.762336,0.23,3.278242,2.186333,1.645165,0.473616,1.55344,0.654224,3.157195,1.961023,1.158984,1.202049,0.731494,2.04622,11.431786,2.479838,6.733496,7.494771,0.386156,5.624989
2018-06-18,0.771577,0.245,3.113846,2.101518,1.482456,0.449452,1.58275,0.625571,3.022437,1.855797,1.168484,1.249749,0.662299,2.027701,11.073658,2.461263,6.69614,7.387284,0.386156,5.643523
2018-06-25,0.766956,0.215,3.055824,2.214605,1.500535,0.449452,1.52413,0.625571,2.945432,1.846231,1.158984,1.135268,0.662299,2.04622,10.96999,2.461263,6.69614,7.445913,0.381388,5.634256
2018-07-02,0.729995,0.215,2.891428,2.158062,1.527653,0.434953,1.52413,0.611245,2.916555,1.817533,1.111485,1.097108,0.647471,2.04622,10.593015,2.405536,6.584071,6.546932,0.400458,5.671323
2018-07-09,0.794678,0.215,2.959121,2.214605,1.563811,0.449452,1.52413,0.620796,2.887679,1.922759,1.196984,1.259289,0.682069,2.036961,10.649562,2.424111,6.994991,6.634876,0.381388,5.745458
2018-07-16,0.800186,0.22,3.084835,2.205181,1.536693,0.459117,1.54367,0.611245,2.926181,2.008853,1.215983,1.249749,0.721609,2.06474,10.658985,2.451975,6.994991,6.918251,0.376621,5.745458
2018-07-23,0.804866,0.22,3.152528,2.233452,1.545732,0.449452,1.56321,0.630347,2.955058,1.951457,1.215983,1.32607,0.716667,2.092511,10.988839,2.516989,7.069704,7.103909,0.371854,5.754725
2018-07-30,0.701918,0.22,3.017143,2.139214,1.518614,0.43012,1.59252,0.639897,3.022437,1.932325,1.168484,1.039868,0.701839,2.06474,10.696684,2.489126,6.873582,6.840078,0.390923,5.736192
2018-08-06,0.701918,0.22,3.200879,2.242876,1.536693,0.444619,1.56321,0.639897,3.070565,1.865363,1.044986,0.944467,0.691954,2.121198,11.120781,2.498414,6.892261,6.869393,0.381388,5.838127
2018-08-13,0.729995,0.22,3.181538,2.158062,1.500535,0.386625,1.56321,0.639897,3.137944,1.807967,1.016486,1.030327,0.677126,2.130584,10.574166,2.516989,6.920278,6.732591,0.367086,5.717658
2018-08-20,0.762751,0.22,3.249231,2.217612,1.536693,0.376959,1.59252,0.639897,3.089816,1.836665,1.016486,0.973087,0.682069,2.139971,10.701977,2.461263,6.864244,6.673962,0.371854,5.823545
2018-08-27,0.697238,0.22,3.316923,2.198412,1.499664,0.410789,1.55344,0.611245,3.113619,1.827099,1.016486,0.963547,0.672184,2.158745,10.836232,2.460215,6.920278,6.752134,0.376647,5.76673
2018-09-03,0.697238,0.22,3.162198,2.169612,1.518178,0.405956,1.60229,0.611245,3.064969,1.77927,1.006986,0.944467,0.662299,2.121198,10.606082,2.450752,6.845565,6.576247,0.381476,5.776198
2018-09-10,0.659803,0.22,3.200879,2.227212,1.527435,0.381792,1.605139,0.611245,3.094159,1.760138,1.001902,0.868146,0.642529,2.130584,10.711567,2.44129,6.836226,6.732591,0.357332,5.738322
2018-09-17,0.659803,0.22,3.23956,2.265612,1.54595,0.420455,1.664224,0.611245,3.045509,1.769704,1.030803,0.891996,0.662299,2.102433,10.826642,2.44129,6.966973,6.761906,0.357332,5.776198
2018-09-24,0.701918,0.22,3.258901,2.332813,1.731093,0.410789,1.654377,0.625571,3.133079,1.836665,1.021169,0.963547,0.687011,2.130584,10.970486,2.431828,6.882921,6.732591,0.342846,5.76673
2018-10-01,0.6832,0.22,3.152528,2.265612,1.823665,0.405956,1.644529,0.630347,3.103889,1.77927,0.992268,0.963547,0.706782,2.08366,10.730745,2.450752,6.928471,6.458988,0.342846,5.75726
2018-10-08,0.645765,0.22,3.007473,2.102412,1.758865,0.386625,1.575597,0.616021,2.977398,1.769704,0.920016,0.872916,0.672184,2.074273,10.308805,2.403441,6.575853,6.126756,0.342846,5.719383
2018-10-15,0.659605,0.22,3.007473,2.121612,1.805151,0.396291,1.546054,0.625646,2.928748,1.721874,0.900748,0.782286,0.677126,2.064886,10.270447,2.412903,6.604444,6.038812,0.342846,5.690976
2018-10-22,0.631133,0.22,2.968791,2.188812,1.786636,0.367294,1.555902,0.616021,3.045509,1.674044,0.833313,0.739355,0.652414,2.08366,9.973168,2.412903,6.623504,5.950868,0.347675,5.662569
2018-10-29,0.688077,0.22,3.104176,2.227212,1.832922,0.386625,1.555902,0.611208,3.103889,1.68361,0.910382,0.810906,0.667241,2.027348,10.999255,2.393979,6.916171,6.175613,0.338017,5.681507
2018-11-05,0.688077,0.22,3.026813,2.092812,1.795894,0.396291,1.575597,0.611208,3.064969,1.702742,0.915199,0.806136,0.642529,2.054099,10.989665,2.422366,6.925803,6.136528,0.342846,5.690976
2018-11-12,0.602661,0.22,3.026813,2.073611,1.74035,0.391458,1.565749,0.611208,3.162269,1.750572,0.905565,0.772746,0.652414,2.044589,10.701977,2.44129,6.993231,5.999725,0.333188,5.738322
2018-11-19,0.564698,0.22,2.997802,2.025611,1.767537,0.381792,1.496817,0.616021,3.133079,1.712308,0.905565,0.782227,0.642529,2.073112,10.443059,2.44129,6.916171,5.960639,0.328359,5.728853
2018-11-26,0.588425,0.191,3.017143,2.016011,1.795894,0.386625,1.595292,0.625646,2.957938,1.721874,0.934466,1.052627,0.667241,2.054099,10.797874,2.450752,7.051026,5.970411,0.338017,5.709915
2018-12-03,0.574073,0.23,3.113846,2.025611,1.720277,0.381792,1.546054,0.616021,3.064969,1.73144,0.953734,0.985027,0.677126,2.073112,10.769105,2.460215,6.887273,6.107213,0.333188,5.700446
2018-12-10,0.540585,0.23,3.017143,2.035211,1.701373,0.405956,1.555902,0.606395,3.064969,1.664478,0.95855,0.931913,0.672184,2.073112,10.663619,2.422366,6.896905,5.921553,0.313873,5.672037
2018-12-17,0.531017,0.23,2.997802,2.083211,1.663565,0.405956,1.506664,0.606395,3.055238,1.607082,0.948917,0.893284,0.677126,2.044589,10.615671,2.422366,6.887273,5.921553,0.309044,5.681507
2018-12-24,0.531017,0.215,2.968791,2.064011,1.663565,0.376959,1.516512,0.606395,3.055238,1.607082,0.934466,0.835341,0.672184,2.073112,10.692388,2.412903,6.858375,5.989954,0.289729,5.681507
2018-12-31,0.545369,0.215,2.959121,2.064011,1.635208,0.401123,1.516512,0.606395,3.045509,1.626214,0.953734,0.830513,0.672184,2.073112,10.711567,2.422366,6.925803,5.941096,0.294558,5.672037
2019-01-07,0.574073,0.23,3.162198,2.073611,1.673017,0.381792,1.674072,0.601583,3.152539,1.645346,1.001902,0.878798,0.687011,2.139687,11.171867,2.460215,7.022129,6.478531,0.304215,5.681507
2019-01-14,0.578857,0.18,3.191209,2.054411,1.682469,0.405956,1.634682,0.577519,3.162269,1.626214,1.040437,0.902941,0.682069,2.130176,11.267763,2.488602,7.147352,6.53716,0.333188,5.719383
2019-01-21,0.597993,0.18,3.191209,2.236812,1.720277,0.396291,1.713461,0.567894,3.191459,1.626214,1.021169,0.878798,0.691954,2.17772,10.999255,2.488602,7.291841,6.507845,0.342846,5.709915
2019-01-28,0.602777,0.196,3.23956,2.294413,1.720277,0.391458,1.683919,0.601583,3.24984,1.626214,1.059704,0.888456,0.682069,2.149188,10.980075,2.507527,7.311106,6.488303,0.357332,5.776198
2019-02-04,0.63148,0.189,3.210549,2.246412,1.833702,0.391458,1.683919,0.601583,3.201189,1.655604,1.069338,0.893284,0.677126,2.177942,11.008843,2.507527,7.402949,6.429673,0.347675,5.776198
2019-02-11,0.641048,0.189,3.249231,2.304013,1.578496,0.396291,1.693767,0.616021,3.210919,1.824138,1.040437,0.965712,0.691954,2.197218,11.047203,2.545377,7.578051,6.449216,0.323531,5.946644
2019-02-18,0.674536,0.19,3.345934,2.342413,1.521784,0.468783,1.674072,0.582332,3.171999,1.834052,1.030803,1.100912,0.691954,2.216494,10.922539,2.564301,7.655875,6.605561,0.342846,5.946644
2019-02-25,0.67932,0.192,3.316923,2.332813,1.50288,0.454284,1.693767,0.582332,3.094159,1.794397,0.992268,1.313369,0.706782,2.18758,10.644441,2.583226,7.67533,6.439445,0.342846,5.956113
2019-03-04,0.684104,0.197,3.316923,2.313613,1.455619,0.478448,1.664224,0.582332,3.103889,1.774569,0.973001,1.496854,0.766092,2.168314,10.596492,2.554839,7.548867,6.292872,0.352503,6.079213
2019-03-11,0.755863,0.245,3.326593,2.352013,1.465071,0.541275,1.664224,0.577519,3.220649,1.744828,0.973001,1.632054,0.850115,2.197218,10.673209,2.592688,7.130567,6.302643,0.357332,6.154966
2019-03-18,0.736727,0.23,3.355604,2.428813,1.436715,0.541275,1.664224,0.587145,3.220649,1.774569,0.992268,1.61274,0.963793,2.245407,10.701977,2.583226,7.120839,6.576247,0.347675,6.126558
2019-03-25,0.693671,0.21,3.52967,2.467213,1.408359,0.521944,1.614987,0.587145,3.220649,1.794397,1.001902,1.47754,0.914368,2.293588,10.596492,2.573763,7.111111,6.79122,0.338017,6.192842
2019-04-01,0.727159,0.21,3.539341,2.438413,1.436715,0.526777,1.752851,0.611208,3.38606,1.794397,0.948917,1.622397,0.914368,2.28395,11.229404,2.611613,7.237574,6.937793,0.333188,6.202312
2019-04-08,0.693671,0.21,3.52967,2.515214,1.436715,0.579938,1.802089,0.616021,3.493091,1.824138,0.929649,1.371312,0.894598,2.303226,11.258173,2.64,7.188934,7.113681,0.338017,6.353818
2019-04-15,0.688888,0.215,3.52,2.505614,1.446167,0.623433,1.821784,0.616021,3.541742,1.843966,0.924832,1.40994,0.884713,2.245407,11.286942,2.649462,7.130567,7.494771,0.381476,6.429572
2019-04-22,0.703239,0.21,3.461978,2.563214,1.446167,0.613767,1.811936,0.616021,3.541742,1.794397,0.934466,1.448569,0.86,2.28395,11.325301,2.649462,7.198662,7.504543,0.479889,6.382226
2019-04-29,0.669752,0.21,3.61,2.611214,1.493427,0.608934,1.792241,0.616021,3.541742,1.80431,0.934466,1.390626,0.869885,2.303226,11.469144,2.64,7.198662,7.35797,0.426024,6.22125
2019-05-06,0.634761,0.21,3.4,2.467213,1.427263,0.615,1.683919,0.611208,3.415251,1.774569,0.919417,1.274741,0.830345,2.363192,11.133469,2.488602,7.252513,7.26,0.377056,6.372085
2019-05-13,0.610157,0.235,3.33,2.435889,1.495745,0.625,1.682716,0.620833,3.531821,1.744828,0.875167,1.272738,0.815,2.34366,10.898873,2.561487,7.281995,7.05,0.377056,6.568149
2019-05-20,0.585554,0.22,3.28,2.435889,1.495745,0.615,1.57319,0.591957,3.373087,1.764655,0.8555,1.193192,0.79,2.34626,10.762028,2.541859,7.488368,6.93,0.372159,6.617166
2019-05-27,0.575713,0.21,3.22,2.416245,1.466223,0.58,1.533362,0.635733,3.263958,1.73,0.8555,1.163362,0.785,2.384489,10.331937,2.551673,7.252513,6.76,0.352571,6.519134
2019-06-03,0.610157,0.21,3.27,2.455534,1.456383,0.6,1.523405,0.6705,3.323483,1.72,0.850583,1.203135,0.84,2.483021,10.400361,2.561487,7.360613,6.94,0.347675,6.568149
2019-06-10,0.624919,0.21,3.43,2.534111,1.446543,0.64,1.613017,0.695333,3.452454,1.72,0.87025,1.362227,0.825,2.532287,10.537207,2.630186,7.40975,7.26,0.318294,6.577953
2019-06-17,0.62984,0.21,3.52,2.642154,1.505585,0.655,1.613017,0.6705,3.571504,1.72,0.9145,1.421886,0.84,2.502728,11.09437,2.816654,7.812667,7.43,0.352571,6.715198
2019-06-24,0.619999,0.191,3.53,2.612688,1.515425,0.655,1.583147,0.6854,3.670712,1.71,0.904667,1.382113,0.845,2.561847,11.143243,2.669442,7.783185,7.55,0.328087,6.715198
2019-07-01,0.62984,0.191,3.72,2.720731,1.525266,0.64,1.593103,0.6854,3.779842,1.74,0.89975,1.382113,0.885,2.68994,11.133469,2.728327,7.802839,7.73,0.362365,6.81323
2019-07-08,0.619999,0.186,3.69,2.76002,1.515425,0.645,1.523405,0.695333,3.730237,1.71,0.909583,1.382113,0.865,2.63082,11.250766,2.718513,7.851976,7.61,0.347675,6.842639
2019-07-15,0.639798,0.2,3.63,2.750198,1.505585,0.645,1.523405,0.695333,3.888971,1.7,0.904667,1.43183,0.87,2.611114,11.377838,2.728327,7.851976,7.59,0.347675,6.852442
2019-07-22,0.669556,0.205,3.64,2.710909,1.495745,0.69,1.543319,0.695333,4.017942,1.68,0.92925,1.471603,0.87,2.640673,11.495135,2.718513,7.881458,7.5,0.347675,7.068113
2019-07-29,0.61004,0.197,3.53,2.651976,1.466223,0.69,1.523405,0.7003,3.948496,1.68,0.885,1.332397,0.835,2.561847,10.957522,2.689071,7.842149,7.23,0.332984,6.950475
2019-08-05,0.580282,0.193,3.45,2.671621,1.426862,0.66,1.523405,0.675467,3.988179,1.7,0.8555,1.183248,0.825,2.562465,10.840225,2.659628,7.969903,7.2,0.313397,7.009294
2019-08-12,0.595161,0.21,3.4,2.445711,1.338298,0.71,1.523405,0.695333,3.690554,1.69,0.860417,1.153418,0.84,2.641614,10.390586,2.64,8.038693,7.25,0.3085,6.960278
2019-08-19,0.61004,0.245,3.45,2.445711,1.37,0.7,1.533362,0.695333,3.779842,1.69,0.87025,1.163362,0.86,2.651508,10.63,2.64,8.117312,7.18,0.318294,7.14
2019-08-26,0.595161,0.22,3.47,2.45,1.32,0.64,1.473621,0.695333,3.81,1.71,0.875167,1.103702,0.845,2.720764,10.65,2.532045,8.058348,7.35,0.3085,7.15
2019-09-02,0.615,0.2,3.56,2.52,1.3,0.64,1.473621,0.695333,3.86,1.7,0.885,1.153418,0.84,2.730657,10.85,2.59,8.304029,7.48,0.3085,7.2
2019-09-09,0.639798,0.205,3.63,2.48,1.35,0.7,1.57,0.695333,3.86,1.75,0.885,1.223021,0.84,2.671295,11.1,2.6,8.392475,7.56,0.325,7.33
2019-09-16,0.615,0.205,3.53,2.44,1.3,0.69,1.6,0.7003,3.8,1.73,0.905,1.153418,0.82,2.700976,10.95,2.61,8.353167,7.47,0.31,7.36
2019-09-23,0.600121,0.205,3.52,2.38,1.32,0.69,1.6,0.7152,3.72,1.75,0.88,1.123589,0.815,2.651508,10.82,2.58,8.343339,7.5,0.31,7.59
2019-09-30,0.61004,0.205,3.56,2.41,1.3,0.685,1.62,0.705267,3.78,1.73,0.89,1.153418,0.82,2.671295,10.99,2.59,8.353167,7.45,0.315,7.6
